gloss_en,freq,proper_usage,proper_count,nonproper_count,suggested_ko,notes
and,51005,no,0,51005,그리고/및/와,접속사; 문맥에 따라 와/과/및
the,30387,no,0,30387,(생략),정관사; 한국어에서 보통 생략
to,25972,no,0,25972,~로/에게/…하려고,전치사/부정사 표지; 문맥 의존
in,15779,no,0,15779,~안에,전치사
<object marker>,10988,no,0,10988,(을/를),목적격 표지 אֵת; 한국어에서 조사를 통해 표현
from,7683,no,0,7683,~에서/로부터,전치사
YHWH,6829,yes,6829,0,여호와,하나님 고유명; 표기 확인 [여호와/야훼]; 정규화 적용
not,6059,no,0,6059,~아니/않다,부정 표지
<relative>,6002,no,0,6002,…하는/…인,관계사/종속절 표지 אֲשֶׁר
upon,5872,no,0,5872,~위에,전치사
whole,5497,no,0,5497,전체/온전한,
say,5380,no,0,5380,말하다,
son,4977,no,0,4977,아들,
that,4503,no,0,4503,…라는/…것,접속사; 한국어에서 흔히 생략
be,3634,no,0,3634,이다/되다/있다,계사; 한국어 생략 잦음
as,2903,no,0,2903,…처럼/…같이,비교/양태 표지
king,2705,no,0,2705,왕,
make,2688,no,0,2688,만들다/행하다,
come,2619,no,0,2619,오다,
god(s),2602,no,0,2602,신/신들,문맥에 따라 단/복수
earth,2529,no,0,2529,땅,정규화 적용
Israel,2516,yes,2516,0,이스라엘,고유명사
people,2471,no,0,2471,백성,문맥에 따라 백성 권장; 정규화 적용
day,2322,no,0,2322,날,정규화 적용
man,2275,no,0,2275,사람,문맥에 따라 남자/사람
face,2131,no,0,2131,앞,“~앞에서” 용례 빈번; 정규화 적용
house,2109,no,0,2109,집,문맥에 따라 성전/가문
give,2083,no,0,2083,주다,
this,1864,no,0,1864,이,정규화 적용
hand,1637,no,0,1637,손,
word,1609,no,0,1609,말씀,기본값: 말씀; 일반 문맥은 말; 정규화 적용
walk,1559,no,0,1559,걷다/행하다,히브리어 הָלַךְ; “행하다” 용례도 있음
he,1411,no,0,1411,그/그는,3인칭 남성 단수; 한국어에선 종종 생략
see,1386,no,0,1386,보다,
unto,1264,no,0,1264,…에게/…까지,전치사(고어체 느낌)
i,1235,no,0,1235,나/나는,1인칭 단수; 한국어에선 종종 생략
father,1228,no,0,1228,아버지,
thus,1178,no,0,1178,이와 같이/이렇게,
behold,1178,no,0,1178,보라,감탄·호격적 표지
hear,1170,no,0,1170,듣다,
speak,1147,no,0,1147,말하다,
town,1128,no,0,1128,성읍,
you,1115,no,0,1115,너/당신,2인칭; 단/복수·공손 구분 문맥 의존
go out,1108,no,0,1108,나가다,
if,1091,no,0,1091,만일,조건 접속사
sit,1089,no,0,1089,앉다,
David,1076,yes,1076,0,다윗,고유명사
with,1075,no,0,1075,…와 함께,전치사
return,1060,no,0,1060,돌아오다/돌리다,문맥에 따라 귀환/반환
know,1011,no,0,1011,알다,
one,986,no,0,986,하나,
take,984,no,0,984,취하다/잡다,
even,904,no,0,904,…조차/…까지,강조/범위 확대
ascend,899,no,0,899,올라가다,
eye,894,no,0,894,눈,
year,885,no,0,885,해/년,
together with,879,no,0,879,함께/…와 함께,
name,878,no,0,878,이름,
heart,865,no,0,865,마음,
send,863,no,0,863,보내다,
there,840,no,0,840,거기/그곳,
eat,838,no,0,838,먹다,
die,836,no,0,836,죽다,
Judah,820,yes,820,0,유다,고유명사
servant,809,no,0,809,종,
<NEG>,789,no,0,789,(부정 표지),"주로 לֹא,אַל 등"
woman,782,no,0,782,여자/여인,
these,782,no,0,782,이들,
two,774,no,0,774,둘,수사
Moses,769,yes,769,0,모세,고유명사
way,760,no,0,760,길/길들,
priest,760,no,0,760,제사장,
soul,755,no,0,755,영혼/생명,נֶפֶשׁ; 문맥에 따라 생명
<interrogative>,751,no,0,751,(의문 표지),의문사/표지
call,745,no,0,745,부르다/칭하다,
after,724,no,0,724,…후에/뒤에,
chief,713,no,0,713,우두머리/수령,
justice,701,no,0,701,공의,성경 용례상 “공의” 선호
Egypt,689,yes,689,0,이집트,고유명사; 표기 확정: 이집트; 정규화 적용
stand,684,no,0,684,서다,
put,672,no,0,672,두다/놓다,
Jerusalem,671,yes,671,0,예루살렘,고유명사
<uncertain>,667,mixed,2,665,(불확실),의미/용례 불확실; 문맥
cattle,665,no,0,665,가축,
evil,662,no,0,662,악/악한,
lift,654,no,0,654,들어 올리다,
brother,632,no,0,632,형제,
they,631,no,0,631,그들,3인칭 복수
arise,630,no,0,630,일어나다/일어서다,
three,615,no,0,615,셋,수사
head,615,no,0,615,머리/우두머리,
what,591,no,0,591,무엇,
hundred,589,no,0,589,백,수사
daughter,589,no,0,589,딸,
water,583,no,0,583,물,
mountain,562,no,0,562,산,
great,559,no,0,559,크다/위대하다,
"human, mankind",554,no,0,554,인류,총칭
pass,549,no,0,549,지나가다,
sin,542,no,0,542,죄,
miss,542,no,0,542,빗나가다,חָטָא 어원; “죄 범하다”와 연관
be strong,542,no,0,542,강하다/강건하다,
strike,520,no,0,520,치다/때리다,
bear,518,no,0,518,낳다,문맥에 따라 “나르다/지다” 가능
sound,513,no,0,513,소리,
five,507,no,0,507,다섯,수사
under part,506,no,0,506,아래쪽/밑부분,
mouth,506,no,0,506,입,
thousand,498,no,0,498,천,수사
seven,498,no,0,498,일곱,수사
command,495,no,0,495,명령,
she,494,no,0,494,그녀/그녀는,3인칭 여성 단수; 한국어에선 종종 생략
duration,491,no,0,491,기간/지속,
service,489,no,0,489,섬김/봉사,
place,478,no,0,478,곳/장소,
keep,474,no,0,474,지키다,
good,473,no,0,473,좋다/선하다,
find,473,no,0,473,찾다/발견하다,
holiness,470,no,0,470,거룩함,
four,464,no,0,464,넷,수사
eternity,460,no,0,460,영원,
now,454,no,0,454,이제,
fall,451,no,0,451,떨어지다/넘어지다,
turn,443,no,0,443,돌이키다/돌다,
much,439,no,0,439,많다/많이,
Lord,439,yes,439,0,주,하나님 칭호(Adonai); 대문자 구별
who,435,no,0,435,누구/…하는 자,의문/관계 대명사
gold,431,no,0,431,금,
approach,423,no,0,423,가까이 가다,
heavens,422,no,0,422,하늘,
midst,419,no,0,419,한가운데,
silver,418,no,0,418,은,
dagger,415,no,0,415,단검,
build,413,no,0,413,짓다/건축하다,
god,411,no,0,411,신,일반 신; 하나님과 구분
interval,408,no,0,408,사이/간격,
Saul,407,yes,407,0,사울,고유명사
report,406,no,0,406,보고/소식,
yeah,405,no,0,405,정녕/참으로,강조 부사/감탄
altar,404,no,0,404,제단,
sea,400,no,0,400,바다,
fire,399,no,0,399,불,
fear,397,no,0,397,두려워하다,
wind,391,no,0,391,바람,"רוּחַ; 기본값: 바람,문맥에 따라 영(Spirit); 정규화 적용"
descend,390,no,0,390,내려가다,
be complete,388,no,0,388,완전하다/끝나다,
speech,377,no,0,377,말/언어,
end,376,no,0,376,끝,
gate,375,no,0,375,성문,
foot,375,no,0,375,발,
lord,366,no,0,366,주인/주,일반 호칭; 신적 칭호와 구분
blood,361,no,0,361,피,
pasture,355,no,0,355,초장/초지,
answer,355,no,0,355,대답하다,
cut,353,no,0,353,자르다/베다,
work,352,no,0,352,일/일하다,행위/노동 문맥 구분
help,352,no,0,352,돕다,
Jacob,350,yes,350,0,야곱,고유명사
cover,349,no,0,349,덮다,
be king,348,no,0,348,왕이 되다,
Aaron,348,yes,348,0,아론,고유명사
tent,346,no,0,346,장막/천막,
power,345,no,0,345,능력/힘,
surrounding,342,no,0,342,둘레/주변,
break,342,no,0,342,부수다/깨뜨리다,
tree,340,no,0,340,나무,
praise,340,no,0,340,찬양/찬송,
-teen,339,no,0,339,열- (~teen),합성 수사 접미; 예: 열셋
open field,337,no,0,337,들판,
boy,335,no,0,335,소년/아이,
desert,333,no,0,333,광야,
bless,333,no,0,333,복 주다/축복하다,
tool,328,no,0,328,도구,
deed,325,no,0,325,행위,
time,324,no,0,324,때,
war,323,no,0,323,전쟁,
stone,323,no,0,323,돌,
be firm,323,no,0,323,굳건하다/견고하다,
turn aside,322,no,0,322,벗어나다/비켜가다,
prophet,321,no,0,321,선지자,예언자와 동의; 전통 표기 선지자
or,321,no,0,321,또는/혹은,접속사
twenty,318,no,0,318,스물,수사
bread,314,no,0,314,떡,
might,313,no,0,313,힘/능력,
clan,313,no,0,313,씨족,
be hostile,313,no,0,313,적대하다,
month,301,no,0,301,달/월,
Levite,298,no,0,298,레위인,
Solomon,294,yes,294,0,솔로몬,고유명사
gather,293,no,0,293,모으다,
be full,293,no,0,293,가득하다,
"work, serve",289,no,0,289,일하다/섬기다,עבד; 문맥에 따라 섬기다/봉사하다
Philistine,289,no,0,289,블레셋 사람,민족명; 블레셋인
burnt-offering,287,no,0,287,번제,
covenant,285,no,0,285,언약,
be alive,284,no,0,284,살아 있다,
six,278,no,0,278,여섯,수사
nose,278,no,0,278,코,אף; 분노 의미로도 쓰임
pharaoh,275,no,0,275,파라오,이집트 왕 칭호; 표기 확정: 파라오; 정규화 적용
flesh,275,no,0,275,육체/살,
because of,273,no,0,273,~때문에/…으로 말미암아,
present,272,no,0,272,바치다/제시하다,제물 바치다 문맥 가능
only,272,no,0,272,오직/다만,
guilty,269,no,0,269,죄 있다/유죄,
love,266,no,0,266,사랑하다/사랑,
Babel,263,yes,263,0,바벨,고유명사 음역/관습 표기 확인
seize,261,no,0,261,붙잡다/취하다,
rejoice,259,no,0,259,기뻐하다,
staff,258,no,0,258,지팡이,
be high,258,no,0,258,높다/높아지다,
like,257,no,0,257,…처럼/같이,
cubit,255,no,0,255,규빗,
weight,253,no,0,253,무게/저울추,
hide,253,no,0,253,숨기다/숨다,
drink,253,no,0,253,마시다,
why,252,no,0,252,왜/어찌,
boundary,252,no,0,252,경계,
remain,251,no,0,251,남다/머무르다,
slaughter,249,no,0,249,도살하다/잡아죽이다,
lie down,249,no,0,249,눕다,
loyalty,246,no,0,246,인애/신실함,חסד
wall,244,no,0,244,성벽/벽,
destroy,243,no,0,243,멸하다/파괴하다,
interior,242,no,0,242,안쪽/속,
write,241,no,0,241,쓰다,
night,241,no,0,241,밤,
judge,240,no,0,240,재판하다/판단하다,
garment,240,no,0,240,옷/의복,
alive,240,no,0,240,살아있는,
seek,239,no,0,239,찾다/구하다,
peace,238,no,0,238,평강/평화,shalom
burn,235,no,0,235,불태우다/태우다,
strength,233,no,0,233,힘/세력,
cry,233,no,0,233,울다/부르짖다,
trample down,232,no,0,232,짓밟다,
seed,232,no,0,232,씨/자손,문맥 의존
remember,232,no,0,232,기억하다,
soil,230,no,0,230,흙/토양,
ark,230,no,0,230,궤/언약궤,문맥에 따라 방주/언약궤
kill,228,no,0,228,죽이다,
"linen, part, stave",226,no,0,226,아마포/부분/막대기,다의어; 문맥 의존
heritage,225,no,0,225,기업/유산,
dwell,225,no,0,225,거주하다/살다,
be many,225,no,0,225,많다/번성하다,
appointment,224,no,0,224,정한 때,מוֹעֵד
mother,221,no,0,221,어머니,
messenger,221,no,0,221,사자/천사,문맥 의존
leave,221,no,0,221,떠나다/남기다,
instruction,221,no,0,221,교훈/율법,torah
then,220,no,0,220,그때/그런즉,
pour,219,no,0,219,붓다/쏟다,
oil,219,no,0,219,기름,
Joshua,219,yes,219,0,여호수아,고유명사
deliver,218,no,0,218,구원하다/건져내다,
Joseph,216,yes,216,0,요셉,고유명사
morning,215,no,0,215,아침,
extend,215,no,0,215,펼치다/늘이다,
camp,215,no,0,215,진/진영,
add,215,no,0,215,더하다,
rod,212,no,0,212,막대기,
be able,212,no,0,212,능하다/…할 수 있다,
examine,209,no,0,209,조사하다/살피다,
therefore,208,no,0,208,그러므로/그런즉,
just,207,no,0,207,의로운/공정한,
fellow,205,no,0,205,동료/이웃,
letter,204,no,0,204,편지/서신,
gathering,204,no,0,204,모임/회중,
chariot,198,no,0,198,병거,
court,197,no,0,197,뜰/법정,성전 맥락: 뜰
palm,196,no,0,196,종려나무,
second,195,no,0,195,둘째/두 번째,
perish,195,no,0,195,멸망하다,
old,195,no,0,195,늙은/오래된,
curse,194,no,0,194,저주/저주하다,
bow down,193,no,0,193,절하다/엎드리다,
swear,192,no,0,192,맹세하다,
flee,192,no,0,192,도망하다,
wine,190,no,0,190,포도주,
uncover,189,no,0,189,벗기다/드러내다,
first,189,no,0,189,첫째/처음,
ear,188,no,0,188,귀,곡식 이삭 문맥 가능
kingdom,187,no,0,187,왕국/나라,
ten,185,no,0,185,열,
desire,185,no,0,185,갈망/원하다,
open,184,no,0,184,열다,
Jordan,183,yes,183,0,요단,고유명사
seat,182,no,0,182,자리/좌석,
fight,182,no,0,182,싸우다,
commandment,182,no,0,182,계명,
Moab,181,yes,181,0,모압,고유명사
Ephraim,181,yes,181,0,에브라임,고유명사
trust,180,no,0,180,의지하다/신뢰하다,
destruction,179,no,0,179,파멸/파괴,
ask,179,no,0,179,묻다/요청하다,
lip,177,no,0,177,입술,
side,176,no,0,176,옆/쪽/편,
Abraham,176,yes,176,0,아브라함,고유명사
stream,175,no,0,175,시냇물/개울,
opening,174,no,0,174,입구/열림,
generation,172,no,0,172,세대/대,
be holy,172,no,0,172,거룩하다,
understand,171,no,0,171,깨닫다/이해하다,
inquire,171,no,0,171,묻다/문의하다,
multitude,170,no,0,170,무리/다수,
death,170,no,0,170,죽음,
sacrifice,169,no,0,169,제사/희생제물,
high place,169,no,0,169,산당,
other,167,no,0,167,다른/타자,
Benjamin,167,yes,167,0,베냐민,고유명사
be good,167,no,0,167,좋다/선하다,
darkness,166,no,0,166,어둠,
portion,165,no,0,165,분깃/몫,
outside,165,no,0,165,밖/바깥,
"lord, baal",165,no,0,165,바알/주인,다의어; 고유/일반 문맥 의존
lie,165,no,0,165,거짓말하다,“눕다”는 lie down
dust,165,no,0,165,티끌/먼지,
be unclean,165,no,0,165,부정하다,
wisdom,164,no,0,164,지혜,
rest,164,no,0,164,쉬다/쉼,
"ram, despot",164,no,0,164,숫양/권력자,다의어; 문맥 의존
horn,164,no,0,164,뿔,
escape,164,no,0,164,피하다/도망치다,
blow,164,no,0,164,불다,타격 문맥 가능
wickedness,163,no,0,163,악/악행,
life,163,no,0,163,생명/삶,
existence,161,no,0,161,존재,
vigorous,160,no,0,160,강건한/힘센,
heat,156,no,0,156,열기/열,
Zion,155,yes,155,0,시온,고유명사
south,155,no,0,155,남쪽,네게브 문맥 가능
wise,154,no,0,154,지혜로운,
touch,154,no,0,154,만지다,
smoke,154,no,0,154,연기,
be clean,154,no,0,154,깨끗하다,
north,153,no,0,153,북쪽,
bronze,153,no,0,153,놋,성경 전통 표기: 놋; 정규화 적용
sing,152,no,0,152,노래하다/찬송하다,
counterpart,152,no,0,152,짝/상대,
Asshur,152,yes,152,0,앗수르,고유명사
Aram,150,yes,150,0,아람,고유명사
valley,149,no,0,149,골짜기,
pull out,149,no,0,149,뽑다/끌어내다,
pillar,149,no,0,149,기둥,
light,149,no,0,149,빛,
Jeremiah,149,yes,149,0,예레미야,고유명사
hate,149,no,0,149,미워하다,
half,148,no,0,148,절반/반,
eight,148,no,0,148,여덟,
Manasseh,147,yes,147,0,므낫세,고유명사
throw,146,no,0,146,던지다,
Joab,146,yes,146,0,요압,고유명사
pursue,144,no,0,144,추격하다,
encamp,144,no,0,144,진치다/야영하다,
count,144,no,0,144,세다/계수하다,
assembly,143,no,0,143,회중,정규화 적용
settle,142,no,0,142,정착하다/해결하다,
top,141,no,0,141,꼭대기/정상,
sun,141,no,0,141,해/태양,
Samuel,141,yes,141,0,사무엘,고유명사
height,141,no,0,141,높이/고지,
encounter,141,no,0,141,만나다,
wadi,140,no,0,140,와디,건천
right-hand side,140,no,0,140,오른편,정규화 적용
dwelling-place,140,no,0,140,거처/거주지,
collect,140,no,0,140,모으다/수집하다,
serve,139,no,0,139,섬기다/봉사하다,
rock,139,no,0,139,바위/반석,
horse,139,no,0,139,말,
beginning,139,no,0,139,시작/태초,
little,138,no,0,138,적은/작은,
complete,138,no,0,138,완전하다/완성하다,
number,137,no,0,137,수/수효,
first-born,137,no,0,137,장자/맏아들,
defile,137,no,0,137,더럽히다,
be hot,137,no,0,137,뜨겁다/덥다,
here,136,no,0,136,여기,
rebellion,135,no,0,135,반역/반란,
Gilead,135,yes,135,0,길르앗,고유명사
evening,135,no,0,135,저녁,
young bull,134,no,0,134,수송아지,
lest,134,no,0,134,…하지 않도록/염려하건대,
bury,134,no,0,134,묻다/장사하다,
bind,134,no,0,134,묶다,
we,132,no,0,132,우리,
rebel,132,no,0,132,반역하다,
bone,132,no,0,132,뼈,
holy,131,no,0,131,거룩한,
cease,131,no,0,131,그치다/그만두다,
front,130,no,0,130,앞/전면,
fat,130,no,0,130,기름/살찐,
account,129,no,0,129,보고/계정,
trustworthiness,128,no,0,128,신실함/성실,
be ashamed,128,no,0,128,부끄러워하다,
fruit,127,no,0,127,열매,
tongue,126,no,0,126,혀/언어,
arrange,126,no,0,126,배열하다/정돈하다,
wash,125,no,0,125,씻다,
strong,125,no,0,125,강한/강력한,
run,125,no,0,125,달리다/달려가다,
opposite,125,no,0,125,맞은편/반대편,
distance,125,no,0,125,거리,
wing,123,no,0,123,날개,
young ram,122,no,0,122,어린 숫양,
poor,122,no,0,122,가난한/가난한 자,
tear,121,no,0,121,눈물,
sign,121,no,0,121,표징/표적,
pure,121,no,0,121,정결한/순수한,
abomination,121,no,0,121,가증한 것/가증함,
right,120,no,0,120,오른편,정규화 적용
cloud,120,no,0,120,구름,
knowledge,119,no,0,119,지식,
corner,119,no,0,119,모퉁이/구석,
well,118,no,0,118,우물,
joy,118,no,0,118,기쁨,
kingship,117,no,0,117,왕권,
dream,117,no,0,117,꿈,
speak as prophet,116,no,0,116,예언하다,
weep,115,no,0,115,울다,
sister,115,no,0,115,자매/누이,
offering,115,no,0,115,제물/제사물,
divide,115,no,0,115,나누다/가르다,
be dry,115,no,0,115,마르다/건조하다,
salvation,114,no,0,114,구원,
Isaac,114,yes,114,0,이삭,고유명사 음역/관습 표기 확인
be heavy,114,no,0,114,무겁다,
Samaria,113,yes,113,0,사마리아,고유명사 음역/관습 표기 확인
reproach,113,no,0,113,수치/비방,
lion,113,no,0,113,사자,
failure,113,no,0,113,실패,
sabbath,112,no,0,112,안식일,
rain,112,no,0,112,비/비가 오다,
food,112,no,0,112,음식/양식,
forget,111,no,0,111,잊다,
Absalom,110,yes,110,0,압살롬,고유명사 음역/관습 표기 확인
"repent, console",109,no,0,109,회개하다/위로하다,다의어
hunger,109,no,0,109,굶주림/기근,
sojourner,108,no,0,108,거류민/나그네,
anger,108,no,0,108,분노/진노,
Ammon,107,yes,107,0,암몬,고유명사 음역/관습 표기 확인
breath,106,no,0,106,호흡,
be evil,106,no,0,106,악하다,
small,105,no,0,105,작은/작다,
regulation,105,no,0,105,규례/법도,
plunder,105,no,0,105,노략질/약탈,
Jeroboam,105,yes,105,0,여로보암,고유명사 음역/관습 표기 확인
continuity,105,no,0,105,계속/연속,
breadth,105,no,0,105,너비/폭,
skin,104,no,0,104,피부/가죽,
sight,104,no,0,104,목전/눈앞,
redeem,104,no,0,104,속량하다/구속하다,
humble,104,no,0,104,겸손한/낮추다,
adversary,104,no,0,104,대적/원수,
where,103,no,0,103,어디/어디에,
splendour,103,no,0,103,영광/광채,
goat,103,no,0,103,염소,
wild animal,101,no,0,101,들짐승,
motive,101,no,0,101,동기/의도,
Edom,101,yes,101,0,에돔,고유명사 음역/관습 표기 확인
neck,100,no,0,100,목/목덜미,
curtain,100,no,0,100,휘장/장막 휘장,
seventh,99,no,0,99,일곱째,
remainder,99,no,0,99,남은 자/나머지,
reject,99,no,0,99,버리다/거절하다,
palace,99,no,0,99,궁전,
length,99,no,0,99,길이,
idol,99,no,0,99,우상,
arm,99,no,0,99,팔,
song,98,no,0,98,노래/찬송,
purchase,98,no,0,98,사다/매입하다,
pray,98,no,0,98,기도하다,
iron,98,no,0,98,철,
Esau,98,yes,98,0,에서,고유명사 음역/관습 표기 확인
clothe,98,no,0,98,입히다/입다,
be sated,98,no,0,98,배부르다/만족하다,
tremble,97,no,0,97,떨다,
together,97,no,0,97,함께,
pleasure,97,no,0,97,기쁨/즐거움,
he-ass,97,no,0,97,수나귀,
guilt,97,no,0,97,죄책/허물,
counsel,97,no,0,97,계략/조언,
rule,96,no,0,96,다스리다/통치하다,
couch,96,no,0,96,침상/침대,
pierced,95,no,0,95,꿰뚫린/상한,
Nebuchadnezzar,94,yes,94,0,느부갓네살,고유명사 음역/관습 표기 확인
fornicate,94,no,0,94,음행하다,
Canaan,94,yes,94,0,가나안,고유명사 음역/관습 표기 확인
Ahab,94,yes,94,0,아합,고유명사 음역/관습 표기 확인
vow,93,no,0,93,서원/서약,
vineyard,93,no,0,93,포도원,
oppress,93,no,0,93,압제하다/억압하다,
how,93,no,0,93,어떻게/어찌,
door,93,no,0,93,문,
cry of joy,93,no,0,93,환호/기쁨의 외침,
shekel,92,no,0,92,세겔,
close,92,no,0,92,닫다,
cherub,92,no,0,92,그룹,천상 존재
bow,92,no,0,92,활,
be desolate,92,no,0,92,황폐하다,
shoulder,91,no,0,91,어깨,
path,90,no,0,90,길/오솔길,
meet,90,no,0,90,만나다,
insolent,90,no,0,90,오만한/거만한,
unclean,89,no,0,89,부정한,
shield,89,no,0,89,방패,
Hizkiah,89,yes,89,0,히스기야,고유명사 음역/관습 표기 확인
support,88,no,0,88,지지/버팀/받치다,
male,88,no,0,88,수컷/남자,
final offer,88,no,0,88,최후의 제의,
Amorite,88,no,0,88,아모리,고유명사
vision,87,no,0,87,환상/묵시,
violence,87,no,0,87,폭력/강포,
lot,87,no,0,87,제비/제비뽑기,
learn,87,no,0,87,배우다,
have compassion,87,no,0,87,불쌍히 여기다/긍휼히 여기다,
advise,87,no,0,87,조언하다/권고하다,
third,86,no,0,86,셋째,
remote,86,no,0,86,먼/먼곳,
pit,86,no,0,86,구덩이/웅덩이,
next day,86,no,0,86,이튿날/다음 날,
Jehoshaphat,85,yes,85,0,여호사밧,고유명사 음역/관습 표기 확인
harvest,85,no,0,85,추수/수확,
commotion,85,no,0,85,소동/소란,
belly,85,no,0,85,배/복부,
<prophet>,85,yes,85,0,<선지자>,고유명사 음역/관습 표기 확인
reminder,84,no,0,84,기념/기념물,
supply,83,no,0,83,공급/공급하다,
Jewish,83,no,0,83,유대인의/유대인,
Jehonathan,83,yes,83,0,여호나단,고유명사 음역/관습 표기 확인
grave,83,no,0,83,무덤/묘,
Daniel,83,yes,83,0,다니엘,고유명사 음역/관습 표기 확인
buy,83,no,0,83,사다,
be slight,83,no,0,83,가볍다/경시되다,
understanding,82,no,0,82,명철/이해,
sprout,82,no,0,82,싹/돋아나다,
hill,82,no,0,82,언덕/산,
hasten,82,no,0,82,서두르다/빨리 가다,
stroke,81,no,0,81,치기/타격,
sell,81,no,0,81,팔다,
distress,81,no,0,81,환난/고난,
be awake,81,no,0,81,깨어 있다,
bullock,80,no,0,80,수소/황소,
become weak,80,no,0,80,약해지다,
be lowly,80,no,0,80,낮다/비천하다,
alas,80,no,0,80,아아!/슬프다,
trembling,79,no,0,79,떨림/전율,
table,79,no,0,79,상/식탁,
spread out,79,no,0,79,펼치다/펼쳐지다,
ride,79,no,0,79,타다/말타다,
nine,79,no,0,79,아홉,
guard-post,79,no,0,79,파수대/초소,
contribution,79,no,0,79,기여/헌물,
prayer,78,no,0,78,기도,
hurt,78,no,0,78,상하게 하다/해치다,
favour,78,no,0,78,은총/은혜,
witness,77,no,0,77,증인/증거,
near,77,no,0,77,가까운/가까이,
cut off,77,no,0,77,끊다/끊어지다,
sanctuary,76,no,0,76,성소,
sunrise,75,no,0,75,해돋이/일출,
sela,75,no,0,75,셀라,시편 표기
ram,75,no,0,75,숫양,
corpse,75,no,0,75,시체/주검,
cedar,74,no,0,74,백향목/향백나무,
Canaanite,74,no,0,74,가나안 사람,
be miraculous,74,no,0,74,기이하다/기적을 행하다,
youth,73,no,0,73,청년,정규화 적용
Reuben,73,yes,73,0,르우벤,고유명사 음역/관습 표기 확인
reed,73,no,0,73,갈대,
mighty,73,no,0,73,강한/강대한,
lamp,73,no,0,73,등불/등,
Hebron,73,yes,73,0,헤브론,고유명사 음역/관습 표기 확인
Gad,73,yes,73,0,갓,고유명사 음역/관습 표기 확인
err,73,no,0,73,잘못하다/방황하다,
Elijah,73,yes,73,0,엘리야,고유명사 음역/관습 표기 확인
Eleazar,73,yes,73,0,엘르아살,고유명사 음역/관습 표기 확인
contend,73,no,0,73,다투다/싸우다,
Bethel,73,yes,73,0,벧엘,고유명사 음역/관습 표기 확인
quake,72,no,0,72,흔들리다/진동하다,
look at,72,no,0,72,바라보다,
Lebanon,72,yes,72,0,레바논,고유명사 음역/관습 표기 확인
blessing,72,no,0,72,복/축복,
birds,72,no,0,72,새들/새,
strange,71,no,0,71,이방/이상한,
share,71,no,0,71,몫/분깃을 나누다,
lodge,71,no,0,71,유숙하다/머물다,
labour,71,no,0,71,수고/노동,
Dan,71,yes,71,0,단,고유명사 음역/관습 표기 확인
cord,71,no,0,71,끈/줄,
cistern,71,no,0,71,수조/저수 구덩이,
spoil,70,no,0,70,전리품/약탈하다,
smear,70,no,0,70,바르다/칠하다,
Sheba,70,yes,70,0,스바,고유명사 음역/관습 표기 확인
net,70,no,0,70,그물,
grace,70,no,0,70,은혜,
east,70,no,0,70,동쪽,
draw,70,no,0,70,끌다/끌어내다,
young man,69,no,0,69,청년/젊은이,
Shechem,69,yes,69,0,세겜,고유명사
scatter,69,no,0,69,흩다/흩어지게 하다,
rebuke,69,no,0,69,책망/꾸짖다,
nakedness,69,no,0,69,하체/벌거벗음,레위기 관용: 하체를 범하다
give drink,69,no,0,69,마시우다/물을 마시게 하다,
disk,69,no,0,69,원반/판,
covering,69,no,0,69,덮개,
wood,68,no,0,68,목재/나무,
watch,68,no,0,68,지키다/감시하다,
run away,68,no,0,68,도망치다,
heal,68,no,0,68,고치다/치유하다,
girl,68,no,0,68,소녀/처녀,
disperse,68,no,0,68,흩어지다/분산시키다,
Abimelech,68,yes,68,0,아비멜렉,고유명사
vigorous man,67,no,0,67,용사,gibbor
restrain,67,no,0,67,억제하다/자제하다,
prosper,67,no,0,67,형통하다/번영하다,
official,67,no,0,67,관리/관원,
land property,67,no,0,67,토지 소유/기업지,
he-goat,67,no,0,67,숫염소,
flow,67,no,0,67,흐르다/흘러나오다,
division,67,no,0,67,분할/구획,
crush,67,no,0,67,부수다/짓부수다,
be angry,67,no,0,67,노하다/분노하다,
what is good,66,no,0,66,선한 것/무엇이 선한가,
rise early,66,no,0,66,일찍 일어나다,
prevail,66,no,0,66,이기다/우세하다,
nether world,66,no,0,66,스올,Sheol
libation,66,no,0,66,전제,drink offering
fortification,66,no,0,66,요새/성채,
fire offering,66,no,0,66,화제,번제/소제 등 제사 불사름
Zedekiah,65,yes,65,0,시드기야,고유명사
sack,65,no,0,65,자루/부대,
desolation,65,no,0,65,황폐/폐허,
Chaldean,65,no,0,65,갈대아 사람,
maidservant,64,no,0,64,여종,
fourth,64,no,0,64,넷째,
exile,64,no,0,64,유배/포로,
clay,64,no,0,64,진흙/점토,
beloved one,64,no,0,64,사랑하는 자,
Abner,64,yes,64,0,아브넬,고유명사
tread,63,no,0,63,밟다,
thought,63,no,0,63,생각/의도,
tenth,63,no,0,63,열째/십분의 일,
stumble,63,no,0,63,넘어지다/실족하다,
festival,63,no,0,63,절기/축제,
district,63,no,0,63,지구/구역,
despise,63,no,0,63,멸시하다/업신여기다,
<town>,63,yes,63,0,성읍,
terror,62,no,0,62,공포/두려움,
reprove,62,no,0,62,책망하다/꾸짖다,
plant,62,no,0,62,심다/식물,
Abram,62,yes,62,0,아브람,고유명사
want,61,no,0,61,원하다/부족,
smoke of sacrifice,61,no,0,61,제물의 연기,
sleep,61,no,0,61,자다/잠,
scribe,61,no,0,61,서기관,
Mordecai,61,yes,61,0,모르드개,고유명사
melt,61,no,0,61,녹다/녹이다,
lead,61,no,0,61,인도하다/이끌다,
honey,61,no,0,61,꿀,
do wrong,61,no,0,61,잘못하다/불법을 행하다,
despoil,61,no,0,61,약탈하다/노략질하다,
Bashan,61,yes,61,0,바산,고유명사
ascent,61,no,0,61,오름/오르막,
tooth,60,no,0,60,이/이빨,
take possession,60,no,0,60,차지하다/소유하다,
Midian,60,yes,60,0,미디안,고유명사
law-case,60,no,0,60,소송/소송 사건,
withhold,59,no,0,59,보류하다/거두다,
upper,59,no,0,59,위쪽/윗부분,
scent,59,no,0,59,향기/냄새,
Levi,59,yes,59,0,레위,고유명사
Job,59,yes,59,0,욥,고유명사
Jehu,59,yes,59,0,예후,고유명사
garden,59,no,0,59,정원/동산,
Elisha,59,yes,59,0,엘리사,고유명사
drive,59,no,0,59,몰다/운전하다,
buy off,59,no,0,59,속전으로 풀다,
breaking,59,no,0,59,파괴/깨짐,
Asa,59,yes,59,0,아사,고유명사
arrow,59,no,0,59,화살,
vine,58,no,0,58,포도나무,
row,58,no,0,58,줄/열,
psalm,58,no,0,58,시편,정규화 적용
profit,58,no,0,58,이익/유익,
pedestal,58,no,0,58,받침대,
measure,58,no,0,58,척도/측량,"재다,"
Jericho,58,yes,58,0,여리고,고유명사
horseman,58,no,0,58,기병/말 탄 자,
be far,58,no,0,58,멀다/먼,
widow,57,no,0,57,과부,
sow,57,no,0,57,씨뿌리다,
lamb,57,no,0,57,어린양,
Laban,57,yes,57,0,라반,고유명사
handmaid,57,no,0,57,여종,
be weary,57,no,0,57,피곤하다/지치다,
be silent,57,no,0,57,잠잠하다/침묵하다,
split,56,no,0,56,갈라지다/쪼개다,
Esther,56,yes,56,0,에스더,고유명사
create,56,no,0,56,창조하다/만들다,
company,56,no,0,56,무리/동행,
wield,55,no,0,55,휘두르다/사용하다,
new,55,no,0,55,새/새로운,
measured stretch,55,no,0,55,측량 구간/척량,
left-hand side,55,no,0,55,왼편/왼쪽,
Josiah,55,yes,55,0,요시야,고유명사
hire,55,no,0,55,고용하다/삯주다,
Haman,55,yes,55,0,하만,고유명사
dig,55,no,0,55,파다/구덩이를 파다,
"cling, cleave to",55,no,0,55,달라붙다/연합하다,다의어 묶음
camel,55,no,0,55,낙타,
bowl,55,no,0,55,대접/그릇,
be terrified,55,no,0,55,무서워하다/두려워하다,
be discontent,55,no,0,55,불만스럽다/원망하다,
Zadok,54,yes,54,0,사독,고유명사
wheat groat,54,no,0,54,고운 밀가루,
vanity,54,no,0,54,헛됨/허무,
shouting,54,no,0,54,함성/외침,
shoot,54,no,0,54,싹/쏘다,
shadow,54,no,0,54,그늘/그림자,
ruin,54,no,0,54,폐허/멸망,
matzo,54,no,0,54,무교병,
wheel,53,no,0,53,바퀴,
swallow,53,no,0,53,삼키다/제비(새),
refuge,53,no,0,53,피난처,정규화 적용
hope,53,no,0,53,소망/희망,
drive out,53,no,0,53,쫓아내다/몰아내다,
draw off,53,no,0,53,빼내다/따르다,
band,53,no,0,53,떼/무리/띠,
shape,52,no,0,52,형상/모양,
sealing ring,52,no,0,52,도장 반지/인장,
refuse,52,no,0,52,거절하다/거부하다,
quiver,52,no,0,52,화살통,
Noah,52,yes,52,0,노아,고유명사
Naphtali,52,yes,52,0,납달리,고유명사
Jehoiada,52,yes,52,0,여호야다,고유명사
hall,52,no,0,52,홀/대청,
disturb,52,no,0,52,어지럽히다/혼란케 하다,
chastening,52,no,0,52,징계/훈계,
board,52,no,0,52,널판/판자,
at the back,52,no,0,52,뒤쪽/배후,
virgin,51,no,0,51,처녀/동정녀,
Rehoboam,51,yes,51,0,르호보암,고유명사
ornament,51,no,0,51,장식/패물,
laugh,51,no,0,51,웃다,
Joash,51,yes,51,0,요아스,고유명사
drinking,51,no,0,51,마심/음용,
deceit,51,no,0,51,속임/거짓,
corn,51,no,0,51,곡식/곡물,
consecrate,51,no,0,51,거룩히 구별하다/성별하다,
captive,51,no,0,51,포로/사로잡힌 자,
by day,51,no,0,51,낮에,
totter,50,no,0,50,비틀거리다/동요하다,
the Lord,50,yes,50,0,주,하나님 칭호
surely,50,no,0,50,정녕/반드시,
steadiness,50,no,0,50,견고함/확고함,
spear,50,no,0,50,창,
room,50,no,0,50,방/방실,
recognise,50,no,0,50,알아보다/인정하다,
purple wool,50,no,0,50,자색 양모,
porch,50,no,0,50,현관/주랑,
Passover,50,no,0,50,유월절,
overtake,50,no,0,50,따라잡다/덮치다,
happiness,50,no,0,50,복/행복,
foundation,50,no,0,50,기초/터,
flame,50,no,0,50,화염/불길,
faint,50,no,0,50,기운이 빠지다/기절하다,
ephod,50,no,0,50,에봇,
deal treacherously,50,no,0,50,배반하다/불충하다,
cup,50,no,0,50,잔/술잔,
burden,50,no,0,50,짐/부담,
be light,50,no,0,50,가벼워지다/밝다,
bar,50,no,0,50,빗장/막대,
afraid,50,no,0,50,두려운/무서운,
tower,49,no,0,49,망대/탑,
property,49,no,0,49,재산/소유,
Ishmael,49,yes,49,0,이스마엘,고유명사
idols,49,no,0,49,우상들,
Hittite,49,no,0,49,헷 사람,
bird,49,no,0,49,새,
be slack,49,no,0,49,게으르다/느슨하다,
Almighty,49,yes,49,0,전능자,Shaddai
take captive,48,no,0,48,사로잡다,
Rachel,48,yes,48,0,라헬,고유명사
pain,48,no,0,48,고통/통증,
orders,48,no,0,48,명령들/지시,
oppression,48,no,0,48,압제/압박,
hips,48,no,0,48,허리/엉덩이,
glory,48,no,0,48,영광,
future,48,no,0,48,미래/장래,
dove,48,no,0,48,비둘기,
Damascus,48,yes,48,0,다마스쿠스,고유명사
cast,48,no,0,48,던지다/부어 만들다,
be pregnant,48,no,0,48,임신하다,
be deaf,48,no,0,48,귀먹다/듣지 못하다,
basin,48,no,0,48,대야/물동이,
wait for,47,no,0,47,기다리다/기대하다,
teach,47,no,0,47,가르치다,
tablet,47,no,0,47,판/서판,
storm,47,no,0,47,폭풍/광풍,
ship,47,no,0,47,배/선박,
root,47,no,0,47,뿌리,
register,47,no,0,47,명부/등록부,
poverty,47,no,0,47,가난/빈곤,
pest,47,no,0,47,역병,
hiding place,47,no,0,47,은신처/피난처,
give attention,47,no,0,47,주의를 기울이다/귀를 기울이다,
gird,47,no,0,47,띠를 띠다/허리띠를 두르다,
forgive,47,no,0,47,사하다/용서하다,
compassion,47,no,0,47,긍휼/자비,
breast,47,no,0,47,가슴/유방,
boil,47,no,0,47,끓다/삶다,
beautiful,47,no,0,47,아름다운,
be like,47,no,0,47,같다/비슷하다,
Asaph,47,yes,47,0,아삽,고유명사
Zechariah,46,yes,46,0,스가랴,고유명사 음역/관습 표기 확인
Zebulun,46,yes,46,0,스불론,고유명사 음역/관습 표기 확인
yoke,46,no,0,46,멍에,
wither,46,no,0,46,시들다/마르다,
vengeance,46,no,0,46,복수/보복,
perhaps,46,no,0,46,아마/혹시,
linen,46,no,0,46,아마포,
Hezekiah,46,yes,46,0,히스기야,고유명사 음역/관습 표기 확인
grief,46,no,0,46,슬픔/고통,
governor,46,no,0,46,총독/관장,
foreign,46,no,0,46,이방의/외국의,
bitter,46,no,0,46,쓰다/쓴,
"warn, to witness",45,no,0,45,경고하다/증언하다,다의어
tie,45,no,0,45,묶다,
supplication,45,no,0,45,간구/간청,
stir,45,no,0,45,휘젓다/일으키다,
Simeon,45,yes,45,0,시므온,고유명사 음역/관습 표기 확인
shout,45,no,0,45,외치다/소리치다,
roll,45,no,0,45,굴리다/말다,
rejoicing,45,no,0,45,기쁨/환희,
Nile,45,yes,45,0,나일,고유명사 음역/관습 표기 확인
"moisten, confound",45,no,0,45,적시다/혼란케 하다,다의어
milk,45,no,0,45,젖/우유,
yield,44,no,0,44,항복하다/산출하다,
"wrap, be narrow",44,no,0,44,감싸다/좁다,다의어
when,44,no,0,44,언제/…할 때,
tear down,44,no,0,44,허물다/철거하다,
strip off,44,no,0,44,벗기다/벗다,
smell of appeasement,44,no,0,44,향기로운 냄새,희생 제사 표현
Shimei,44,yes,44,0,시므이,고유명사 음역/관습 표기 확인
seal,44,no,0,44,봉인/인장,
riches,44,no,0,44,재물/부,
open place,44,no,0,44,들판/빈터,
jealousy,44,no,0,44,질투/시기,
Issachar,44,yes,44,0,잇사갈,고유명사 음역/관습 표기 확인
innocent,44,no,0,44,무죄한/무고한,
fornication,44,no,0,44,음행,
Benaiah,44,yes,44,0,브나야,고유명사 음역/관습 표기 확인
Balak,44,yes,44,0,발락,고유명사 음역/관습 표기 확인
assemble,44,no,0,44,모이다/집회하다,
Asher,44,yes,44,0,아셀,고유명사 음역/관습 표기 확인
admonish,44,no,0,44,권고하다/훈계하다,
abandon,44,no,0,44,버리다/유기하다,
writing,43,no,0,43,글/문서,
Tyrus,43,yes,43,0,두로,고유명사 음역/관습 표기 확인
Shemaiah,43,yes,43,0,스마야,고유명사 음역/관습 표기 확인
shame,43,no,0,43,수치/부끄러움,
separate,43,no,0,43,분리하다/구별하다,
scarlet,43,no,0,43,주홍/홍색,
pull off,43,no,0,43,잡아떼다/벗기다,
orphan,43,no,0,43,고아,
Nathan,43,yes,43,0,나단,고유명사 음역/관습 표기 확인
locust,43,no,0,43,메뚜기/황충,
lamp stand,43,no,0,43,등잔대,
kneel,43,no,0,43,무릎 꿇다,
Jonathan,43,yes,43,0,요나단,고유명사 음역/관습 표기 확인
Jesse,43,yes,43,0,이새,고유명사 음역/관습 표기 확인
cither,43,no,0,43,비파,
before,43,no,0,43,…앞에/이전에,
<those unable to march>,43,no,0,43,행군 불능자,
whither,42,no,0,42,어디로,
"wait, to hope",42,no,0,42,기다리다/소망하다,다의어
tear away,42,no,0,42,떼어내다/잡아 떼다,
serpent,42,no,0,42,뱀,
rush,42,no,0,42,돌진하다/급히 가다,
roar,42,no,0,42,포효하다/으르렁거리다,
resting place,42,no,0,42,쉼터/안식처,
queen,42,no,0,42,여왕,
offspring,42,no,0,42,자손/후손,
listen,42,no,0,42,듣다/경청하다,
lie in ambush,42,no,0,42,매복하다,
Jebusite,42,no,0,42,여부스 사람,
interpretation,42,no,0,42,해석,
image,42,no,0,42,우상/형상,
heavy,42,no,0,42,무거운/심한,
found,42,no,0,42,설립하다/세우다,
emptiness,42,no,0,42,공허/허무,
concubine,42,no,0,42,후궁/첩,
Bethlehem,42,yes,42,0,베들레헴,고유명사 음역/관습 표기 확인
be just,42,no,0,42,의롭다/공정하다,
be at peace,42,no,0,42,평안하다/화평하다,
back(wards),42,no,0,42,뒤/뒤로,
Amaziah,42,yes,42,0,아마샤,고유명사 음역/관습 표기 확인
Ahaz,42,yes,42,0,아하스,고유명사 음역/관습 표기 확인
Uriah,41,yes,41,0,우리야,고유명사 음역/관습 표기 확인
steal,41,no,0,41,도둑질하다/훔치다,
span,41,no,0,41,한 뼘,
olive,41,no,0,41,감람,정규화 적용
Mizpah,41,yes,41,0,미스바,고유명사 음역/관습 표기 확인
look,41,no,0,41,보다/바라보다,
"have labour pain, to cry",41,no,0,41,산고를 겪다/부르짖다,다의어
grape,41,no,0,41,포도,
Gilgal,41,yes,41,0,길갈,고유명사 음역/관습 표기 확인
ephah,41,no,0,41,에파,
body,41,no,0,41,몸/신체,
asherah,41,no,0,41,아세라,우상/목상
young lion,40,no,0,40,젊은 사자/사자 새끼,
sufficiency,40,no,0,40,넉넉함/충분,
Sodom,40,yes,40,0,소돔,고유명사 음역/관습 표기 확인
Seir,40,yes,40,0,세일,고유명사 음역/관습 표기 확인
proverb,40,no,0,40,잠언/격언,
mourn,40,no,0,40,애통하다/슬퍼하다,
Merari,40,yes,40,0,므라리,고유명사 음역/관습 표기 확인
incite,40,no,0,40,선동하다/자극하다,
Gideon,40,yes,40,0,기드온,고유명사 음역/관습 표기 확인
generations,40,no,0,40,대대/세대들,
fig,40,no,0,40,무화과,
cow,40,no,0,40,암소,
big tree,40,no,0,40,큰 나무,
best,40,no,0,40,최고/가장 좋은,
beauty,40,no,0,40,아름다움/미,
anointed,40,no,0,40,기름 부음 받은 자,
Amalek,40,yes,40,0,아말렉,고유명사 음역/관습 표기 확인
worm,39,no,0,39,벌레/구더기,
uprightness,39,no,0,39,정직/바름,
threshing-floor,39,no,0,39,타작 마당,
Sarah,39,yes,39,0,사라,고유명사 음역/관습 표기 확인
Samson,39,yes,39,0,삼손,고유명사 음역/관습 표기 확인
purple-wool,39,no,0,39,자색 양모,
lap,39,no,0,39,무릎/앞부분,
humiliate,39,no,0,39,굴욕주다/낮추다,
Heshbon,39,yes,39,0,헤스본,고유명사 음역/관습 표기 확인
heaven,39,no,0,39,하늘,
fullness,39,no,0,39,충만/가득함,
form,39,no,0,39,형태/모양,
flock,39,no,0,39,양 떼/무리,
comprehend,39,no,0,39,이해하다/파악하다,
cave,39,no,0,39,동굴/굴,
Caleb,39,yes,39,0,갈렙,고유명사 음역/관습 표기 확인
Ai,39,yes,39,0,아이,고유명사 음역/관습 표기 확인
Ahaziah,39,yes,39,0,아하시야,고유명사 음역/관습 표기 확인
star,38,no,0,38,별,
skin-disease,38,no,0,38,피부병/문둥병,
Sihon,38,yes,38,0,시혼,고유명사 음역/관습 표기 확인
seek refuge,38,no,0,38,피난하다/피신하다,
porter,38,no,0,38,문지기,
look out,38,no,0,38,내다보다/살피다,
lament,38,no,0,38,애가/슬퍼하다,
Korah,38,yes,38,0,고라,고유명사 음역/관습 표기 확인
Jehoiakim,38,yes,38,0,여호야김,고유명사 음역/관습 표기 확인
high,38,no,0,38,높은,
Gibeon,38,yes,38,0,기브온,고유명사 음역/관습 표기 확인
fish,38,no,0,38,물고기,
dominion,38,no,0,38,지배/권세,
doing,38,no,0,38,행함/행동,
dew,38,no,0,38,이슬,
deal fully,38,no,0,38,충분히 대하다/충실히 행하다,
be dark,38,no,0,38,어둡다,
avenge,38,no,0,38,복수하다,
artisan,38,no,0,38,장인/기술자,
world,37,no,0,37,세상/세계,
window,37,no,0,37,창/창문,
weeping,37,no,0,37,울음/통곡,
uncleanness,37,no,0,37,부정/불결,
try,37,no,0,37,시험하다/시도하다,
toss,37,no,0,37,던지다/뒤흔들다,
swing,37,no,0,37,휘두르다/흔들다,
primeval ocean,37,no,0,37,원시 바다/깊음,
hard,37,no,0,37,단단한/어려운,
Hamath,37,yes,37,0,하맛,고유명사 음역/관습 표기 확인
furnace,37,no,0,37,화덕/용광로,
foreigner,37,no,0,37,외국인/이방인,
"coast, island",37,no,0,37,해안/섬,다의어
be unfaithful,37,no,0,37,배신하다/불충하다,
be humble,37,no,0,37,겸손하다/낮아지다,
be guilty,37,no,0,37,죄 있다/유죄이다,
until,36,no,0,36,…까지,
uncircumcised,36,no,0,36,무할례자/할례받지 않은,
Sinai,36,yes,36,0,시내,고유명사 음역/관습 표기 확인
salt,36,no,0,36,소금,
roof,36,no,0,36,지붕,
rare,36,no,0,36,드문/희귀한,
Ramah,36,yes,36,0,라마,고유명사 음역/관습 표기 확인
Persia,36,yes,36,0,바사,고유명사 음역/관습 표기 확인
kiss,36,no,0,36,입맞추다/키스하다,
kind,36,no,0,36,종류/친절,
Isaiah,36,yes,36,0,이사야,고유명사 음역/관습 표기 확인
Hilkiah,36,yes,36,0,힐기야,고유명사 음역/관습 표기 확인
herb,36,no,0,36,채소/풀,
greatness,36,no,0,36,위대함/위엄,
fort,36,no,0,36,요새/성채,
finger,36,no,0,36,손가락,
circumcise,36,no,0,36,할례 행하다,
bull,36,no,0,36,수소/황소,
be low,36,no,0,36,낮다/낮아지다,
arrangement,36,no,0,36,배열/정돈,
wipe,35,no,0,35,닦다/지우다,
"wave, heap",35,no,0,35,물결/더미,다의어
upper thigh,35,no,0,35,넓적다리,
spread,35,no,0,35,펼치다/퍼뜨리다,
Shiloh,35,yes,35,0,실로,고유명사 음역/관습 표기 확인
she-ass,35,no,0,35,암나귀,
narrow,35,no,0,35,좁은/비좁다,
menstruation,35,no,0,35,월경/월수,
make noise,35,no,0,35,소리를 내다/떠들다,
Leah,35,yes,35,0,레아,고유명사 음역/관습 표기 확인
insult,35,no,0,35,모욕/능욕,
Hebrew,35,no,0,35,히브리 사람,
heap,35,no,0,35,무더기/더미,
grass,35,no,0,35,풀/잔디,
Gibeah,35,yes,35,0,기브아,고유명사 음역/관습 표기 확인
foolish,35,no,0,35,어리석은,
fifth,35,no,0,35,다섯째/오분의 일,
commission,35,no,0,35,위임/명령,
clothing,35,no,0,35,옷/의복,
bride,35,no,0,35,신부,
be long,35,no,0,35,길다/오래다,
be jealous,35,no,0,35,질투하다,
barley,35,no,0,35,보리,
Azariah,35,yes,35,0,아사랴,고유명사 음역/관습 표기 확인
<judge>,35,yes,35,0,<사사>,고유명사 음역/관습 표기 확인
womb,34,no,0,34,태/자궁,
wheat,34,no,0,34,밀,
tenth part,34,no,0,34,십분의 일,
saddle,34,no,0,34,안장,
right-hand,34,no,0,34,오른손/오른편,
possession,34,no,0,34,소유/소유물,
offence,34,no,0,34,범죄/허물,
mock,34,no,0,34,조롱하다/비웃다,
Micah,34,yes,34,0,미가,고유명사 음역/관습 표기 확인
lower,34,no,0,34,낮추다/내리다,
Lot,34,yes,34,0,롯,고유명사 음역/관습 표기 확인
kindle,34,no,0,34,불붙이다/점화하다,
healing,34,no,0,34,치유/회복,
grain,34,no,0,34,곡식/곡물,
Gedaliah,34,yes,34,0,그다랴,고유명사 음역/관습 표기 확인
Gath,34,yes,34,0,가드,고유명사 음역/관습 표기 확인
exchange,34,no,0,34,교환/바꾸다,
Eli,34,yes,34,0,엘리,고유명사 음역/관습 표기 확인
captivity,34,no,0,34,포로됨/사로잡힘,
but,34,no,0,34,그러나/하지만,
breach,34,no,0,34,틈/파손,
be father-in-law,34,no,0,34,장인이 되다,
appoint,34,no,0,34,임명하다/정하다,
abundance,34,no,0,34,풍성/풍부,
yesterday,33,no,0,33,어제,
weave,33,no,0,33,짜다/엮다,
thanksgiving,33,no,0,33,감사/감사의 제사,
swarm,33,no,0,33,무리/떼를 지다,
something,33,no,0,33,무언가/어떤 것,
prey,33,no,0,33,먹이/노략물,
pomegranate,33,no,0,33,석류,
massebe,33,no,0,33,기념비/주상,
loyal,33,no,0,33,충성스러운/신실한,
Kohath,33,yes,33,0,고핫,고유명사 음역/관습 표기 확인
Jeshua,33,yes,33,0,예수아,고유명사 음역/관습 표기 확인
inner,33,no,0,33,속의/내부의,
in vain,33,no,0,33,헛되이/공연히,
Hiram,33,yes,33,0,히람,고유명사 음역/관습 표기 확인
hair,33,no,0,33,머리털/머리카락,
gift,33,no,0,33,선물/예물,
dwelling tower,33,no,0,33,거주 망대,
dog,33,no,0,33,개,
butcher,33,no,0,33,도살하다,
bowels,33,no,0,33,창자/내장,
be united,33,no,0,33,연합하다/합하다,
Abijah,33,yes,33,0,아비야,고유명사 음역/관습 표기 확인
wreath,32,no,0,32,화환/관,
white,32,no,0,32,흰/하얀,
wash off,32,no,0,32,씻어내다,
seer,32,no,0,32,선견자,
likeness,32,no,0,32,형상/닮음,
kidney,32,no,0,32,콩팥/신장,
hang,32,no,0,32,매달다/매달리다,
Hananiah,32,yes,32,0,하나냐,고유명사 음역/관습 표기 확인
hail,32,no,0,32,우박,
fly,32,no,0,32,날다/파리,
engrave,32,no,0,32,새기다/조각하다,
eighth,32,no,0,32,여덟째,
Cush,32,yes,32,0,구스,고유명사 음역/관습 표기 확인
cover of foliage,32,no,0,32,나뭇잎 덮개/초막,
commit adultery,32,no,0,32,간음하다,
blossom,32,no,0,32,꽃피다/개화,
be old,32,no,0,32,늙다/오래다,
be hard,32,no,0,32,굳다/단단하다,
Ahasuerus,32,yes,32,0,아하수에로,고유명사 음역/관습 표기 확인
Shaphan,31,yes,31,0,사반,고유명사 음역/관습 표기 확인
sense,31,no,0,31,감각/뜻,
Rebekah,31,yes,31,0,리브가,고유명사 음역/관습 표기 확인
Nun,31,yes,31,0,눈,고유명사 음역/관습 표기 확인
molten image,31,no,0,31,부어 만든 우상,
howl,31,no,0,31,울부짖다,
hook,31,no,0,31,갈고리,
grasp,31,no,0,31,붙잡다/이해하다,
entreat,31,no,0,31,간청하다/애원하다,
Egyptian,31,no,0,31,이집트인,
drop,31,no,0,31,방울/떨어지다,
balsam-tree,31,no,0,31,유향목/발삼나무,
Abiathar,31,yes,31,0,아비아달,고유명사 음역/관습 표기 확인
tunic,30,no,0,30,속옷/겉옷(긴 옷),
Tarshish,30,yes,30,0,다르시스,고유명사 음역/관습 표기 확인
slander,30,no,0,30,비방/중상,
seduce,30,no,0,30,꾀다/유혹하다,
search,30,no,0,30,찾다/수색하다,
request,30,no,0,30,요청/간청,
pot,30,no,0,30,항아리,정규화 적용
oath,30,no,0,30,맹세,
mix,30,no,0,30,섞다/혼합하다,
mantle,30,no,0,30,겉옷/망토,
loose conduct,30,no,0,30,방탕/문란,
let loose,30,no,0,30,풀어 놓다,
lean,30,no,0,30,기울다/의지하다,
knee,30,no,0,30,무릎,
Jehoram,30,yes,30,0,여호람,고유명사 음역/관습 표기 확인
highway,30,no,0,30,대로/큰길,
gasp,30,no,0,30,숨이 가쁘다/헐떡이다,
entrance,30,no,0,30,입구/문어귀,
eagle,30,no,0,30,독수리,
diminish,30,no,0,30,감소하다/줄다,
completeness,30,no,0,30,완전함/충만,
clarion,30,no,0,30,나팔소리/금 나팔,
be fertile,30,no,0,30,비옥하다/많이 낳다,
ban,30,no,0,30,금령/진멸,
Uzziah,29,yes,29,0,웃시야,고유명사 음역/관습 표기 확인
unfaithfulness,29,no,0,29,배교/불충,
survivor,29,no,0,29,남은 자/생존자,
sixth,29,no,0,29,여섯째,
shine,29,no,0,29,빛나다/비추다,
shatter,29,no,0,29,산산이 부수다,
long,29,no,0,29,길다/오래다,
haste,29,no,0,29,서두름/급히,
guard,29,no,0,29,지키다/파수꾼,
Elam,29,yes,29,0,엘람,고유명사 음역/관습 표기 확인
do,29,no,0,29,하다/행하다,
contention,29,no,0,29,다툼/쟁론,
coat,29,no,0,29,겉옷/코트,
brightness,29,no,0,29,광채/밝음,
backside,29,no,0,29,등쪽/뒤쪽,
Baasha,29,yes,29,0,바아사,고유명사 음역/관습 표기 확인
Amnon,29,yes,29,0,암논,고유명사 음역/관습 표기 확인
acacia,29,no,0,29,아카시아/조각목,
wish,28,no,0,28,바라다/소원,
willing,28,no,0,28,자원하는/기꺼이,
suck,28,no,0,28,빨다/빨아먹다,
sickness,28,no,0,28,질병/병,
Shallum,28,yes,28,0,살룸,고유명사 음역/관습 표기 확인
plough,28,no,0,28,쟁기질하다/밭갈이,
piece,28,no,0,28,조각/부분,
naked,28,no,0,28,벗은/벌거벗은,
moon,28,no,0,28,달/월,
issue,28,no,0,28,문제/발하다,
harp,28,no,0,28,수금,정규화 적용
explore,28,no,0,28,탐지/정탐하다,
decay,28,no,0,28,썩다/부패,
deal with,28,no,0,28,대하다/처리하다,
dawn,28,no,0,28,새벽/동틀 녘,
change,28,no,0,28,바꾸다/변하다,
be wise,28,no,0,28,지혜롭다,
be much,28,no,0,28,많다/풍부하다,
basket,28,no,0,28,바구니,
bait,28,no,0,28,미끼,
Adonijah,28,yes,28,0,아도니야,고유명사 음역/관습 표기 확인
Zeruiah,27,yes,27,0,스루야,고유명사 음역/관습 표기 확인
woe,27,no,0,27,화/재앙이 있을진저,
twist,27,no,0,27,꼬다/비틀다,
third part,27,no,0,27,삼분의 일,
satiety,27,no,0,27,만족/배부름,
Ramoth,27,yes,27,0,라못,고유명사 음역/관습 표기 확인
Jehoiachin,27,yes,27,0,여호야긴,고유명사 음역/관습 표기 확인
jar,27,no,0,27,항아리/병,
incense,27,no,0,27,향/분향,
hole,27,no,0,27,구멍/굴,
free will,27,no,0,27,자원/자원하는 마음,
fasting,27,no,0,27,금식,
Ezra,27,yes,27,0,에스라,고유명사 음역/관습 표기 확인
draw water,27,no,0,27,물을 긷다,
Darius,27,yes,27,0,다리오,고유명사 음역/관습 표기 확인
correct,27,no,0,27,바르게 하다/징계하다,
confuse,27,no,0,27,혼란케 하다/어지럽히다,
come after,27,no,0,27,뒤따르다/쫓다,
bulwark,27,no,0,27,보루/성벽,
blind,27,no,0,27,눈먼/맹인,
be in front,27,no,0,27,앞에 있다/앞서다,
Baruch,27,yes,27,0,바룩,고유명사 음역/관습 표기 확인
Abishai,27,yes,27,0,아비새,고유명사 음역/관습 표기 확인
waver,26,no,0,26,흔들리다/동요하다,
"tread, to rule",26,no,0,26,밟다/다스리다,다의어
trample,26,no,0,26,밟다/짓밟다,
threshold,26,no,0,26,문지방,
taste,26,no,0,26,맛/맛보다,
Tamar,26,yes,26,0,다말,고유명사 음역/관습 표기 확인
suddenly,26,no,0,26,갑자기/홀연히,
straightness,26,no,0,26,정직/곧음,
spoiling,26,no,0,26,노략/파손,
press,26,no,0,26,누르다/압착하다,
Phinehas,26,yes,26,0,비느하스,고유명사 음역/관습 표기 확인
perfume,26,no,0,26,향유/향료,
Nebat,26,yes,26,0,느밧,고유명사 음역/관습 표기 확인
mutter,26,no,0,26,중얼거리다,
Meshullam,26,yes,26,0,므술람,고유명사 음역/관습 표기 확인
mankind,26,no,0,26,인류/인간,
Maacah,26,yes,26,0,마아가,고유명사 음역/관습 표기 확인
load,26,no,0,26,짐/짐을 지우다,
juniper,26,no,0,26,노간주나무/향나무,
Jabesh,26,yes,26,0,야베스,고유명사 음역/관습 표기 확인
Hivite,26,no,0,26,히위 사람,
hew,26,no,0,26,찍다/베다,나무/돌을 베다
go,26,no,0,26,가다,
fortified,26,no,0,26,요새화된/견고한,
foolishness,26,no,0,26,어리석음,
external,26,no,0,26,외부의/바깥의,
Ethiopian,26,no,0,26,구스 사람,성경: 에티오피아=구스
escaped one,26,no,0,26,도망자/탈출자,
error,26,no,0,26,오류/허물,
dry,26,no,0,26,마르다/건조한,
consecration,26,no,0,26,성별/봉헌,
clip,26,no,0,26,자르다/집게,
breast-piece,26,no,0,26,흉패,
bird-trap,26,no,0,26,올무/새그물,
Ben-Hadad,26,yes,26,0,벤하닷,고유명사 음역/관습 표기 확인
be wide,26,no,0,26,넓다,
be superior,26,no,0,26,우세하다/뛰어나다,
be right,26,no,0,26,옳다/바르다,
Babylon,26,yes,26,0,바벨론,고유명사 음역/관습 표기 확인
Arnon,26,yes,26,0,아르논,고유명사 음역/관습 표기 확인
Ahijah,26,yes,26,0,아히야,고유명사 음역/관습 표기 확인
wrapper,25,no,0,25,싸개/포장,
weigh,25,no,0,25,달다/무게를 재다,
subdue,25,no,0,25,복종시키다/제압하다,
stupid,25,no,0,25,어리석은,
store,25,no,0,25,저장/창고,
spy,25,no,0,25,정탐꾼/정탐하다,
spatter,25,no,0,25,튀기다/흩뿌리다,
siege,25,no,0,25,포위/공성전,
remembrance,25,no,0,25,기념/기억,
ransom,25,no,0,25,속전/속량,
produce,25,no,0,25,생산하다/산출물,
pity,25,no,0,25,동정/불쌍히 여김,
peg,25,no,0,25,못/말뚝,
mourning rites,25,no,0,25,상례/애도 의식,
Maaseiah,25,yes,25,0,마아세야,고유명사 음역/관습 표기 확인
low,25,no,0,25,낮은/낮다,
Lachish,25,yes,25,0,라기스,고유명사 음역/관습 표기 확인
Jotham,25,yes,25,0,요담,고유명사 음역/관습 표기 확인
Johanan,25,yes,25,0,요하난,고유명사 음역/관습 표기 확인
expire,25,no,0,25,숨지다/만료되다,
dwelling,25,no,0,25,거주/거처,
day before yesterday,25,no,0,25,그제,
Cyrus,25,yes,25,0,고레스,고유명사 음역/관습 표기 확인
contemn,25,no,0,25,업신여기다/경멸하다,
capital,25,no,0,25,수도/자본,
calamity,25,no,0,25,재앙/참화,
Boaz,25,yes,25,0,보아스,고유명사 음역/관습 표기 확인
be poor,25,no,0,25,가난하다,
be bereaved of children,25,no,0,25,자녀를 잃다,
be afraid,25,no,0,25,두려워하다,
anointment,25,no,0,25,기름부음/도유,
announce,25,no,0,25,알리다/선포하다,
Zerubbabel,24,yes,24,0,스룹바벨,고유명사 음역/관습 표기 확인
thorn-bush,24,no,0,24,가시덤불,
strong drink,24,no,0,24,독주,정규화 적용
snow,24,no,0,24,눈,
shave,24,no,0,24,면도하다/깎다,
shake,24,no,0,24,흔들다/떨다,
rich,24,no,0,24,부유한/부자,
prefect,24,no,0,24,관장/지방 장관,
plot of land,24,no,0,24,밭뙈기/토지 필지,
pierce,24,no,0,24,꿰뚫다/찌르다,
Perizzite,24,no,0,24,브리스 사람,
outlets,24,no,0,24,출구/배출구,
noon,24,no,0,24,정오,
mention,24,no,0,24,언급하다,
jaw,24,no,0,24,턱/악골,
Hazael,24,yes,24,0,하사엘,고유명사 음역/관습 표기 확인
forced labour,24,no,0,24,노역/부역,
fairness,24,no,0,24,공평/공정,
convocation,24,no,0,24,성회/집회,
claim,24,no,0,24,주장/청구,
child,24,no,0,24,아이/자녀,
burning,24,no,0,24,불타는/타오름,
blemish,24,no,0,24,흠/결점,
age,24,no,0,24,나이/시대,
act as priest,24,no,0,24,제사장 직을 행하다,
week,23,no,0,23,한 주/주간,
vomit,23,no,0,23,토하다/토사물,
utterance,23,no,0,23,말씀/어구,
upper room,23,no,0,23,다락방,정규화 적용
summer,23,no,0,23,여름,
Sidon,23,yes,23,0,시돈,고유명사 음역/관습 표기 확인
set,23,no,0,23,두다/세우다,
sandal,23,no,0,23,샌들/신,
sand,23,no,0,23,모래,
prison,23,no,0,23,감옥/옥,
pass summer,23,no,0,23,여름을 지내다,
Og,23,yes,23,0,옥,고유명사 음역/관습 표기 확인
Naboth,23,yes,23,0,나봇,고유명사 음역/관습 표기 확인
Nabal,23,yes,23,0,나발,고유명사 음역/관습 표기 확인
moment,23,no,0,23,순간/잠깐,
Media,23,yes,23,0,메대,고유명사 음역/관습 표기 확인
Makir,23,yes,23,0,마길,고유명사 음역/관습 표기 확인
Jezebel,23,yes,23,0,이세벨,고유명사 음역/관습 표기 확인
if only,23,no,0,23,차라리/부디,
hungry,23,no,0,23,주린/배고픈,
hin,23,no,0,23,힌,용량 단위
grow lean,23,no,0,23,수척해지다/마르다,
girdle,23,no,0,23,허리띠/띠,
fire holder,23,no,0,23,화로,
female,23,no,0,23,여성/암컷,
Ekron,23,yes,23,0,에그론,고유명사 음역/관습 표기 확인
depart,23,no,0,23,떠나다/떠나가다,
contempt,23,no,0,23,멸시/경멸,
Carmel,23,yes,23,0,갈멜,고유명사 음역/관습 표기 확인
bring,23,no,0,23,가져오다/데려오다,
be little,23,no,0,23,작다/적다,
be abhorrent,23,no,0,23,가증하다/밉다,
Zerah,22,yes,22,0,세라,고유명사 음역/관습 표기 확인
wide,22,no,0,22,넓은/폭넓은,
warn,22,no,0,22,경고하다,
turban,22,no,0,22,두건/터번,
thorn,22,no,0,22,가시,
Susa,22,yes,22,0,수산,고유명사 음역/관습 표기 확인
step,22,no,0,22,발걸음/계단,
Sisera,22,yes,22,0,시스라,고유명사 음역/관습 표기 확인
signal,22,no,0,22,신호/표지,
sigh,22,no,0,22,탄식/한숨 쉬다,
Seraiah,22,yes,22,0,스라야,고유명사 음역/관습 표기 확인
scab,22,no,0,22,딱지/옴,
rope,22,no,0,22,밧줄/줄,
root out,22,no,0,22,뿌리째 뽑다/제거하다,
rampart,22,no,0,22,성벽/토루,
push,22,no,0,22,밀다/밀쳐내다,
purpose,22,no,0,22,목적/의도,
Obadiah,22,yes,22,0,오바댜,고유명사 음역/관습 표기 확인
Nethaniah,22,yes,22,0,느다냐,고유명사 음역/관습 표기 확인
need,22,no,0,22,필요/궁핍,
Naomi,22,yes,22,0,나오미,고유명사 음역/관습 표기 확인
lightning,22,no,0,22,번개,
Kish,22,yes,22,0,기스,고유명사 음역/관습 표기 확인
Kain,22,yes,22,0,가인,고유명사 음역/관습 표기 확인
joyful,22,no,0,22,기쁜/즐거운,
Ithamar,22,yes,22,0,잇다말,고유명사 음역/관습 표기 확인
injustice,22,no,0,22,불의/불공정,
hoof,22,no,0,22,굽,
"help, helper",22,no,0,22,돕다/돕는 자,다의어
Hadadezer,22,yes,22,0,하닷에셀,고유명사 음역/관습 표기 확인
go about,22,no,0,22,두루 다니다,
gazelle,22,no,0,22,영양,정규화 적용
full,22,no,0,22,가득한/충만한,
flax,22,no,0,22,아마/아마섬유,
fast,22,no,0,22,금식하다,
Elkanah,22,yes,22,0,엘가나,고유명사 음역/관습 표기 확인
Eliab,22,yes,22,0,엘리압,고유명사 음역/관습 표기 확인
Eden,22,yes,22,0,에덴,고유명사 음역/관습 표기 확인
door-post,22,no,0,22,문설주,
deep,22,no,0,22,깊다/깊음,
confidential talk,22,no,0,22,은밀한 말/속삭임,
companion,22,no,0,22,동무/동료,
buy grain,22,no,0,22,곡식을 사다,
be it far,22,no,0,22,결단코 아니다/아닙니다,
be different,22,no,0,22,다르다/구별되다,
Ammonite,22,no,0,22,암몬 사람,
Achish,22,yes,22,0,아기스,고유명사 음역/관습 표기 확인
wait,21,no,0,21,기다리다,
wailing,21,no,0,21,통곡/울부짖음,
son-in-law,21,no,0,21,사위,
ruthless,21,no,0,21,무자비한/잔혹한,
practice divination,21,no,0,21,점치다/복술하다,
Obed-edom,21,yes,21,0,오벳에돔,고유명사 음역/관습 표기 확인
Nadab,21,yes,21,0,나답,고유명사 음역/관습 표기 확인
model,21,no,0,21,본/본보기,
low land,21,no,0,21,저지대,
laughter,21,no,0,21,웃음,
knife,21,no,0,21,칼/단도,
Joram,21,yes,21,0,요람,고유명사 음역/관습 표기 확인
Jehoahaz,21,yes,21,0,여호아하스,고유명사 음역/관습 표기 확인
insight,21,no,0,21,통찰/지각,
inhabitant,21,no,0,21,거주자/주민,
have skin-disease,21,no,0,21,피부병에 걸리다,
Gaza,21,yes,21,0,가사,고유명사 음역/관습 표기 확인
fatness,21,no,0,21,기름짐/풍성함,
estimate,21,no,0,21,추정하다/평가하다,
delight,21,no,0,21,기쁨/기뻐하다,
bud,21,no,0,21,싹/눈,
borrow,21,no,0,21,빌리다,
Beth Shemesh,21,yes,21,0,벧세메스,고유명사 음역/관습 표기 확인
be concerned with,21,no,0,21,관계하다/연루되다,
bag,21,no,0,21,자루/가방,
animal,21,no,0,21,짐승/동물,
Ahithophel,21,yes,21,0,아히도벨,고유명사 음역/관습 표기 확인
Ahikam,21,yes,21,0,아히감,고유명사 음역/관습 표기 확인
uproar,20,no,0,20,소동/소란,
Tobijah,20,yes,20,0,도비야,고유명사 음역/관습 표기 확인
Tirzah,20,yes,20,0,디르사,고유명사 음역/관습 표기 확인
thirst,20,no,0,20,목마름/갈증,
stink,20,no,0,20,악취/냄새나다,
splint-bone,20,no,0,20,정강이뼈,
sinful,20,no,0,20,죄 많은/악한,
riddle,20,no,0,20,수수께끼,
price,20,no,0,20,값/값어치,
potter,20,no,0,20,토기장이,
palm-ornament,20,no,0,20,종려 장식,
make haste,20,no,0,20,서두르다,
luxuriant,20,no,0,20,무성한/풍성한,
low place,20,no,0,20,저지/낮은 곳,
lock,20,no,0,20,자물쇠/잠금,
Kiriath Jearim,20,yes,20,0,기럇여아림,고유명사 음역/관습 표기 확인
judgment,20,no,0,20,심판/판결,
Jonah,20,yes,20,0,요나,고유명사 음역/관습 표기 확인
Joel,20,yes,20,0,요엘,고유명사 음역/관습 표기 확인
interest,20,no,0,20,이자/이식,
Iddo,20,yes,20,0,잇도,고유명사 음역/관습 표기 확인
Hezron,20,yes,20,0,헤스론,고유명사 음역/관습 표기 확인
Hadad,20,yes,20,0,하닷,고유명사 음역/관습 표기 확인
Gomorrah,20,yes,20,0,고모라,고유명사 음역/관습 표기 확인
give loan,20,no,0,20,대부하다/빌려주다,
Geba,20,yes,20,0,게바,고유명사 음역/관습 표기 확인
Euphrates,20,yes,20,0,유브라데,고유명사 음역/관습 표기 확인
eleven,20,no,0,20,열하나/열한,
dry land,20,no,0,20,마른 땅,
bore,20,no,0,20,뚫다/지루하게 하다,
begin,20,no,0,20,시작하다,
beard,20,no,0,20,수염,
be empty,20,no,0,20,비다/텅 비다,
barren,20,no,0,20,불임의/메마른,
Amon,20,yes,20,0,아몬,고유명사 음역/관습 표기 확인
wool,19,no,0,19,양털,
thunder,19,no,0,19,우뢰/천둥,
thin,19,no,0,19,마른/얇은,
target,19,no,0,19,과녁/목표,
sweep away,19,no,0,19,쓸어가다/쓸어버리다,
Succoth,19,yes,19,0,숙곳,고유명사 음역/관습 표기 확인
Shelah,19,yes,19,0,셀라,고유명사 음역/관습 표기 확인
say proverb,19,no,0,19,속담을 말하다,
Reubenite,19,no,0,19,르우벤 사람,
pitcher,19,no,0,19,물항아리/병,
palate,19,no,0,19,입천장,
Omri,19,yes,19,0,오므리,고유명사 음역/관습 표기 확인
ninth,19,no,0,19,아홉째,
Nahor,19,yes,19,0,나홀,고유명사 음역/관습 표기 확인
Michal,19,yes,19,0,미갈,고유명사 음역/관습 표기 확인
marching,19,no,0,19,행군/행진,
Manoah,19,yes,19,0,맛노아,고유명사 음역/관습 표기 확인
loath,19,no,0,19,싫어하다/혐오하다,
lifting up,19,no,0,19,들어올림/고양,
Libnah,19,yes,19,0,립나,고유명사 음역/관습 표기 확인
leafage,19,no,0,19,잎사귀/수엽,
Keilah,19,yes,19,0,그일라,고유명사 음역/관습 표기 확인
Kadesh,19,yes,19,0,가데스,고유명사 음역/관습 표기 확인
jump,19,no,0,19,뛰다,
hired,19,no,0,19,고용된,
Hazor,19,yes,19,0,하솔,고유명사 음역/관습 표기 확인
Ham,19,yes,19,0,함,고유명사 음역/관습 표기 확인
flash up,19,no,0,19,번쩍이다/타오르다,
elegy,19,no,0,19,애가,
crooked,19,no,0,19,비뚤어진/구부러진,
concern,19,no,0,19,염려/관계,
bulb,19,no,0,19,구근/알뿌리,
bruise,19,no,0,19,멍/타박상,
block,19,no,0,19,막다/장애물,
be mighty,19,no,0,19,강하다/강성하다,
be drunk,19,no,0,19,취하다,
bake,19,no,0,19,굽다,
Athaliah,19,yes,19,0,아달랴,고유명사 음역/관습 표기 확인
Asahel,19,yes,19,0,아사헬,고유명사 음역/관습 표기 확인
without,18,no,0,18,…없이/밖에서,
whence,18,no,0,18,어디서부터,
weed,18,no,0,18,잡초,
trade,18,no,0,18,장사/무역,
thumb,18,no,0,18,엄지손가락,
thief,18,no,0,18,도둑,
temple slave,18,no,0,18,성전 노예,
tambourine,18,no,0,18,소고/소구,
straw,18,no,0,18,짚,
statue,18,no,0,18,상/조각상,
stand bail,18,no,0,18,보증 서다,
site,18,no,0,18,터/자리,
Shem,18,yes,18,0,셈,고유명사 음역/관습 표기 확인
secure height,18,no,0,18,안전한 높은 곳,
Sarai,18,yes,18,0,사래,고유명사 음역/관습 표기 확인
really,18,no,0,18,참으로/정녕,
quaking,18,no,0,18,떨림/진동,
preciousness,18,no,0,18,귀함/귀중함,
pool,18,no,0,18,연못,
pledge,18,no,0,18,담보/저당물,
platter,18,no,0,18,쟁반,
nose-ring,18,no,0,18,코걸이,
Nineveh,18,yes,18,0,니느웨,고유명사 음역/관습 표기 확인
native,18,no,0,18,원주민/본토의,
mistress,18,no,0,18,여주인/정부,
Mattaniah,18,yes,18,0,맛다냐,고유명사 음역/관습 표기 확인
Malkijah,18,yes,18,0,말기야,고유명사 음역/관습 표기 확인
magician,18,no,0,18,마술사/박수,
lily,18,no,0,18,백합,
leaven,18,no,0,18,누룩,
Jehoash,18,yes,18,0,여호아스,고유명사 음역/관습 표기 확인
hunt,18,no,0,18,사냥하다,
horror,18,no,0,18,공포/경악,
Horeb,18,yes,18,0,호렙,고유명사 음역/관습 표기 확인
Heman,18,yes,18,0,헤만,고유명사 음역/관습 표기 확인
hearsay,18,no,0,18,전언/소문,
hatred,18,no,0,18,미움/증오,
guiltiness,18,no,0,18,죄책/유죄,
go around,18,no,0,18,두루 다니다/돌다,
Gershon,18,yes,18,0,게르손,고유명사 음역/관습 표기 확인
fright,18,no,0,18,두려움/공포,
free,18,no,0,18,자유로운/면제된,
first fruits,18,no,0,18,첫 열매,
firmament,18,no,0,18,궁창,
Elishama,18,yes,18,0,엘리사마,고유명사 음역/관습 표기 확인
Eliashib,18,yes,18,0,엘리아십,고유명사 음역/관습 표기 확인
dishonour,18,no,0,18,치욕/불명예,
cymbals,18,no,0,18,제금,
creeping animals,18,no,0,18,기는 동물/곤충류,
creep,18,no,0,18,기어가다,
choice,18,no,0,18,선택/정선,
charcoals,18,no,0,18,숯불/숯덩이,
bough,18,no,0,18,큰 가지,
become rich,18,no,0,18,부유하게 되다,
be corrupt,18,no,0,18,부패하다/타락하다,
be bitter,18,no,0,18,쓰다/쓰라리다,
be behind,18,no,0,18,뒤에 있다/뒤처지다,
axe,18,no,0,18,도끼,
Ashdod,18,yes,18,0,아스돗,고유명사 음역/관습 표기 확인
Artaxerxes,18,yes,18,0,아닥사스다,고유명사 음역/관습 표기 확인
Aroer,18,yes,18,0,아로엘,고유명사 음역/관습 표기 확인
Amariah,18,yes,18,0,아마랴,고유명사 음역/관습 표기 확인
Ahimelech,18,yes,18,0,아히멜렉,고유명사 음역/관습 표기 확인
Abigail,18,yes,18,0,아비가일,고유명사 음역/관습 표기 확인
<mountain>,18,yes,18,0,<산>,고유명사 음역/관습 표기 확인
Zimri,17,yes,17,0,시므리,고유명사 음역/관습 표기 확인
Ziba,17,yes,17,0,시바,고유명사 음역/관습 표기 확인
with empty hands,17,no,0,17,빈손으로,
what is desirable,17,no,0,17,바람직한 것,
Uzziel,17,yes,17,0,웃시엘,고유명사 음역/관습 표기 확인
tread down,17,no,0,17,짓밟다/짓누르다,
toil,17,no,0,17,수고/노고,
terrify,17,no,0,17,무섭게 하다/놀라게 하다,
tender,17,no,0,17,부드러운/연약한,
surround,17,no,0,17,둘러싸다,
stubble,17,no,0,17,그루터기/짚그루,
spirit of dead,17,no,0,17,죽은 자의 영,
sink,17,no,0,17,가라앉다,
singled out,17,no,0,17,특별히 뽑힌,
sinew,17,no,0,17,힘줄,
Sidonian,17,no,0,17,시돈 사람,
Shadrach,17,yes,17,0,사드락,고유명사 음역/관습 표기 확인
scorner,17,no,0,17,조롱하는 자,
rise,17,no,0,17,일어나다/오르다,
rabshake,17,no,0,17,랍사게,앗수르 관직명
quiet,17,no,0,17,고요/고요한,
put on,17,no,0,17,입다/두르다,
purge,17,no,0,17,정결케 하다/숙청,
protection,17,no,0,17,보호/피난처,
prisoner,17,no,0,17,죄수/수감자,
pregnant,17,no,0,17,임신한,
pleasant,17,no,0,17,기쁜/즐거운,
own,17,no,0,17,자신의/소유하다,
Ner,17,yes,17,0,넬,고유명사 음역/관습 표기 확인
Naaman,17,yes,17,0,나아만,고유명사 음역/관습 표기 확인
mound,17,no,0,17,언덕/흙무더기,
Moabite,17,no,0,17,모압 사람,
middle,17,no,0,17,가운데/중앙,
Meshach,17,yes,17,0,메삭,고유명사 음역/관습 표기 확인
lacking,17,no,0,17,부족한/결핍된,
labour pains,17,no,0,17,산고,
Jephunneh,17,yes,17,0,여분네,고유명사 음역/관습 표기 확인
interpret,17,no,0,17,해석하다,
I,17,no,0,17,나,
Hur,17,yes,17,0,훌,고유명사 음역/관습 표기 확인
Hosea,17,yes,17,0,호세아,고유명사 음역/관습 표기 확인
Hashabiah,17,yes,17,0,하사뱌,고유명사 음역/관습 표기 확인
Gadite,17,no,0,17,갓 사람,
further,17,no,0,17,더 멀리/그 밖에,
foreskin,17,no,0,17,포피,
forehead,17,no,0,17,이마,
except,17,no,0,17,제외하고/제외하다,
Ephron,17,yes,17,0,에브론,고유명사 음역/관습 표기 확인
dryness,17,no,0,17,가뭄/건조,
dry country,17,no,0,17,마른 땅/건조지,
dip,17,no,0,17,담그다/적시다,
dedicate,17,no,0,17,봉헌하다/바치다,
Debir,17,yes,17,0,드빌,고유명사 음역/관습 표기 확인
conspiracy,17,no,0,17,모반/음모,
cloth,17,no,0,17,천/옷감,
citadel,17,no,0,17,요새/성채,
Chaldea,17,yes,17,0,갈대아,고유명사 음역/관습 표기 확인
brick,17,no,0,17,벽돌,
beguile,17,no,0,17,속이다/꾀다,
be spacious,17,no,0,17,넓다/널찍하다,
bath,17,no,0,17,바트,용량 단위
base,17,no,0,17,기초/바닥,
barrier,17,no,0,17,장벽/장애물,
backroom,17,no,0,17,안방/안쪽 방,
Azariahu,17,yes,17,0,아사랴,고유명사 음역/관습 표기 확인
Amasa,17,yes,17,0,아마사,고유명사 음역/관습 표기 확인
adjutant,17,no,0,17,부장관/부관,
accident,17,no,0,17,사고/우연,
a ten,17,no,0,17,열 분량,
Ziklag,16,yes,16,0,시글락,고유명사 음역/관습 표기 확인
urge,16,no,0,16,촉구하다/재촉하다,
tread on,16,no,0,16,밟다,
throat,16,no,0,16,목구멍,
teraphim,16,no,0,16,드라빔,
tax,16,no,0,16,세금,
sweet,16,no,0,16,달콤한/달다,
swarming creatures,16,no,0,16,기어다니는 생물,
shear,16,no,0,16,깎다,
sea-monster,16,no,0,16,바다 괴물,
round dance,16,no,0,16,원무,
river,16,no,0,16,강,
Rimmon,16,yes,16,0,림몬,고유명사 음역/관습 표기 확인
regard,16,no,0,16,여기다/간주하다,
Rabbah,16,yes,16,0,랍바,고유명사 음역/관습 표기 확인
provision,16,no,0,16,양식,
pour out,16,no,0,16,쏟아내다,
ponder,16,no,0,16,곰곰이 생각하다,
play harp,16,no,0,16,수금을 타다,
Perez,16,yes,16,0,베레스,고유명사 음역/관습 표기 확인
Nebuzaradan,16,yes,16,0,느부사라단,고유명사 음역/관습 표기 확인
Miriam,16,yes,16,0,미리암,고유명사 음역/관습 표기 확인
Mephibosheth,16,yes,16,0,므비보셋,고유명사 음역/관습 표기 확인
lance,16,no,0,16,창,
Kohathite,16,no,0,16,Kohathite 사람,
kneel down,16,no,0,16,무릎 꿇다,
installation,16,no,0,16,설치,
insolence,16,no,0,16,오만,
honour,16,no,0,16,영예/존귀,
homer,16,no,0,16,호멜,
hiding-place,16,no,0,16,은신처,
hewn stone,16,no,0,16,다듬은 돌,
Henoch,16,yes,16,0,에녹,고유명사 음역/관습 표기 확인
haughty,16,no,0,16,거만한,
groaning,16,no,0,16,신음,
Goshen,16,yes,16,0,고센,고유명사 음역/관습 표기 확인
Gezer,16,yes,16,0,게셀,고유명사 음역/관습 표기 확인
entire,16,no,0,16,전체/온전한,
Eliphaz,16,yes,16,0,엘리바스,고유명사 음역/관습 표기 확인
Eber,16,yes,16,0,에벨,고유명사 음역/관습 표기 확인
drunk,16,no,0,16,취한,
depth,16,no,0,16,깊이/깊음,
deceive,16,no,0,16,속이다,
dance,16,no,0,16,춤추다,
cooking pot,16,no,0,16,솥,
compassionate,16,no,0,16,자비로운/긍휼이 많은,
cleave,16,no,0,16,달라붙다,
Bela,16,yes,16,0,벨라,고유명사 음역/관습 표기 확인
be worn out,16,no,0,16,지치다,
be infatuated,16,no,0,16,열중하다,
Bani,16,yes,16,0,바니,고유명사 음역/관습 표기 확인
balances,16,no,0,16,저울,
Ahitub,16,yes,16,0,아히둡,고유명사 음역/관습 표기 확인
Ahimaaz,16,yes,16,0,아히마아스,고유명사 음역/관습 표기 확인
young grass,15,no,0,15,연한 풀,
uprising,15,no,0,15,반란/봉기,
unless,15,no,0,15,…하지 않으면,
Terah,15,yes,15,0,데라,고유명사 음역/관습 표기 확인
tachash-skin,15,no,0,15,타하스 가죽,
taboo,15,no,0,15,금기,
stumbling block,15,no,0,15,걸림돌,
strip,15,no,0,15,벗기다,
stress,15,no,0,15,압박/곤경,
speckled,15,no,0,15,얼룩진,
smooth,15,no,0,15,매끄러운,
sluggish,15,no,0,15,굼뜬,
Shephatiah,15,yes,15,0,스바댜,고유명사 음역/관습 표기 확인
sharpen,15,no,0,15,갈다/날카롭게 하다,
satrap,15,no,0,15,총독,
right of buying back,15,no,0,15,상환권/되사올 권리,
priesthood,15,no,0,15,제사장직,
Pashhur,15,yes,15,0,바스훌,고유명사 음역/관습 표기 확인
orchard,15,no,0,15,과수원,
opposite bank,15,no,0,15,맞은편 강둑,
Nethanel,15,yes,15,0,느다넬,고유명사 음역/관습 표기 확인
music,15,no,0,15,음악,
murmur,15,no,0,15,중얼거리다,
mule,15,no,0,15,노새,
mourning,15,no,0,15,애도,
Mahanaim,15,yes,15,0,마하나임,고유명사 음역/관습 표기 확인
loin-cloth,15,no,0,15,허리천,
liver,15,no,0,15,간,
law,15,no,0,15,율법,
lame,15,no,0,15,절뚝거리는,
Kareah,15,yes,15,0,가레아,고유명사 음역/관습 표기 확인
Jerub-Baal,15,yes,15,0,여룹바알,고유명사 음역/관습 표기 확인
Jehiel,15,yes,15,0,여히엘,고유명사 음역/관습 표기 확인
Jeduthun,15,yes,15,0,여두둔,고유명사 음역/관습 표기 확인
Jedaiah,15,yes,15,0,여다야,고유명사 음역/관습 표기 확인
Jair,15,yes,15,0,야일,고유명사 음역/관습 표기 확인
jackal,15,no,0,15,자칼,
inducement,15,no,0,15,유인,
Hushai,15,yes,15,0,후새,고유명사 음역/관습 표기 확인
hurry,15,no,0,15,서두르다,
hunting,15,no,0,15,사냥,
Heth,15,yes,15,0,헷,고유명사 음역/관습 표기 확인
heel,15,no,0,15,발꿈치,
group of thousand,15,no,0,15,천 명 단위,
Gershom,15,yes,15,0,게르솜,고유명사 음역/관습 표기 확인
foliage,15,no,0,15,잎사귀/수엽,
flour,15,no,0,15,고운 가루,
ever-flowing,15,no,0,15,끊임없이 흐르는,
enter,15,no,0,15,들어가다,
empty,15,no,0,15,빈/비다,
Eliezer,15,yes,15,0,엘리에셀,고유명사 음역/관습 표기 확인
Eglon,15,yes,15,0,에글론,고유명사 음역/관습 표기 확인
divination,15,no,0,15,점술,
despair,15,no,0,15,절망,
demon,15,no,0,15,귀신/악령,
date-palm,15,no,0,15,종려나무,
clad,15,no,0,15,입은/걸친,
cake,15,no,0,15,떡,
boast,15,no,0,15,자랑하다,
bit,15,no,0,15,재갈,
Beth Horon,15,yes,15,0,벧호론,고유명사 음역/관습 표기 확인
be short,15,no,0,15,모자라다,
banner,15,no,0,15,깃발,
Amram,15,yes,15,0,암람,고유명사 음역/관습 표기 확인
Abed-Nego,15,yes,15,0,아벳느고,고유명사 음역/관습 표기 확인
Zobah,14,yes,14,0,소바,고유명사 음역/관습 표기 확인
within,14,no,0,14,안쪽/내부에,
torch,14,no,0,14,횃불,
thread,14,no,0,14,실,
take a pledge,14,no,0,14,담보로 잡다,
sunset,14,no,0,14,해질녘,
stupidity,14,no,0,14,어리석음,
stop up,14,no,0,14,막다/메우다,
Sennacherib,14,yes,14,0,산헤립,고유명사 음역/관습 표기 확인
save,14,no,0,14,구원하다,
rove about,14,no,0,14,두루 다니다,
Riblah,14,yes,14,0,립라,고유명사 음역/관습 표기 확인
Rephaim,14,yes,14,0,르바임,고유명사 음역/관습 표기 확인
Remaliah,14,yes,14,0,르말랴,고유명사 음역/관습 표기 확인
red,14,no,0,14,붉은,
Recab,14,yes,14,0,레갑,고유명사 음역/관습 표기 확인
purification,14,no,0,14,정결/정화,
plaster,14,no,0,14,회반죽,
pavement,14,no,0,14,포장 바닥,
old age,14,no,0,14,노년,
officer,14,no,0,14,관원,
obligation,14,no,0,14,의무,
noble one,14,no,0,14,귀한 자,
nest,14,no,0,14,둥지,
miracle,14,no,0,14,기적/이적,
Michael,14,yes,14,0,미가엘,고유명사 음역/관습 표기 확인
matter,14,no,0,14,사안/일,
manna,14,no,0,14,만나,
loops,14,no,0,14,고리들,
look for,14,no,0,14,찾다,
line,14,no,0,14,줄/선,
Jezreelite,14,no,0,14,Jezreelite 사람,
Jeiel,14,yes,14,0,여이엘,고유명사 음역/관습 표기 확인
Jazer,14,yes,14,0,야셀,고유명사 음역/관습 표기 확인
Hermon,14,yes,14,0,헤르몬,고유명사 음역/관습 표기 확인
Hannah,14,yes,14,0,한나,고유명사 음역/관습 표기 확인
Hamor,14,yes,14,0,하몰,고유명사 음역/관습 표기 확인
grow fat,14,no,0,14,살찌다,
grope,14,no,0,14,더듬더듬 찾다,
grind,14,no,0,14,갈다/맷돌질하다,
gracious,14,no,0,14,은혜로운/자비로운,
glorify,14,no,0,14,영광 돌리다,
Gershonite,14,no,0,14,Gershonite 사람,
frog,14,no,0,14,개구리,
flux,14,no,0,14,유출,
fine,14,no,0,14,벌금,
fetter,14,no,0,14,족쇄,
embrace,14,no,0,14,껴안다,
Elah,14,yes,14,0,엘라,고유명사 음역/관습 표기 확인
derision,14,no,0,14,조롱,
deluge,14,no,0,14,대홍수,
Dagon,14,yes,14,0,다곤,고유명사 음역/관습 표기 확인
curve,14,no,0,14,굽이/곡선,
cruel,14,no,0,14,잔혹한,
course,14,no,0,14,진로/과정,
colleague,14,no,0,14,동료,
cleft,14,no,0,14,갈라진 틈,
chosen,14,no,0,14,택한,
chamber,14,no,0,14,방/내실,
branch,14,no,0,14,가지,
Benjaminite,14,no,0,14,Benjaminite 사람,
bear grudge,14,no,0,14,원한을 품다,
be hungry,14,no,0,14,배고프다,
Barak,14,yes,14,0,바락,고유명사 음역/관습 표기 확인
Amoz,14,yes,14,0,아모츠,고유명사 음역/관습 표기 확인
Amminadab,14,yes,14,0,암미나답,고유명사 음역/관습 표기 확인
alienated,14,no,0,14,소외된/멀어진,
Abinadab,14,yes,14,0,아비나답,고유명사 음역/관습 표기 확인
<locality>,14,yes,14,0,<지명>,고유명사 음역/관습 표기 확인
Zicri,13,yes,13,0,시그리,고유명사 음역/관습 표기 확인
Zebah,13,yes,13,0,세바,고유명사 음역/관습 표기 확인
Zalmunna,13,yes,13,0,살문나,고유명사 음역/관습 표기 확인
yoke-bar,13,no,0,13,멍에 막대,
woven stuff,13,no,0,13,직물/짜 만든 것,
whistle,13,no,0,13,휘파람 불다,
whisper,13,no,0,13,속삭이다/수군거리다,
upon me,13,no,0,13,내게/내 위에,
trouble,13,no,0,13,환난/곤경,
treasure,13,no,0,13,보물/재보,
Timnah,13,yes,13,0,딤나,고유명사 음역/관습 표기 확인
this there,13,no,0,13,저기 있는 이것,
substitute,13,no,0,13,대체물/대신하다,
stump,13,no,0,13,그루터기,
stubbornness,13,no,0,13,완고함,
standing place,13,no,0,13,설 자리/기립 장소,
slumber,13,no,0,13,선잠/꾸벅잠,
slaughtering,13,no,0,13,도살/잡기,
skull,13,no,0,13,해골/머리뼈,
secret,13,no,0,13,비밀,
Ruth,13,yes,13,0,룻,고유명사 음역/관습 표기 확인
roast,13,no,0,13,구워 익히다,
poison,13,no,0,13,독/독약,
plan,13,no,0,13,계획,
pebble,13,no,0,13,조약돌,
Ornan,13,yes,13,0,오르난,고유명사 음역/관습 표기 확인
only one,13,no,0,13,오직 하나,
on foot,13,no,0,13,도보로,
necklace,13,no,0,13,목걸이,
nail,13,no,0,13,못,
myrrh,13,no,0,13,몰약,
Mount Hor,13,yes,13,0,호르 산,고유명사 음역/관습 표기 확인
Micmash,13,yes,13,0,믹마스,고유명사 음역/관습 표기 확인
Megiddo,13,yes,13,0,므깃도,고유명사 음역/관습 표기 확인
Mahli,13,yes,13,0,말리,고유명사 음역/관습 표기 확인
lady,13,no,0,13,여주인/귀부인,
Kenite,13,no,0,13,겐 사람,
Kedesh,13,yes,13,0,게데스,고유명사 음역/관습 표기 확인
Kedar,13,yes,13,0,게달,고유명사 음역/관습 표기 확인
hither,13,no,0,13,이리로,
heap of stones,13,no,0,13,돌무더기,
Hanan,13,yes,13,0,하난,고유명사 음역/관습 표기 확인
hammer,13,no,0,13,망치,
Haggai,13,yes,13,0,학개,고유명사 음역/관습 표기 확인
Hagar,13,yes,13,0,하갈,고유명사 음역/관습 표기 확인
greens,13,no,0,13,나물/푸성귀,
Gog,13,yes,13,0,곡,고유명사 음역/관습 표기 확인
Gehazi,13,yes,13,0,게하시,고유명사 음역/관습 표기 확인
exploration,13,no,0,13,정탐/탐사,
Elihu,13,yes,13,0,엘리후,고유명사 음역/관습 표기 확인
Eliakim,13,yes,13,0,엘리아김,고유명사 음역/관습 표기 확인
effect,13,no,0,13,효력/결과,
Edomite,13,no,0,13,에돔 사람,
eastern,13,no,0,13,동쪽의/동방의,
doe,13,no,0,13,암사슴,
discomfiture,13,no,0,13,패배/혼란,
dart,13,no,0,13,작은 창/비수,
corner post,13,no,0,13,모퉁이 기둥,
comfort,13,no,0,13,위로/위로하다,
"butler, irrigated, drink",13,no,0,13,술 맡은 관원/관개/마시다,다의어
breeze,13,no,0,13,산들바람,
bitterness,13,no,0,13,쓴맛/쓴 마음,
Berekiah,13,yes,13,0,브레갸,고유명사 음역/관습 표기 확인
beam,13,no,0,13,들보/광선,
be square,13,no,0,13,네모지다/직각이다,
be foolish,13,no,0,13,어리석다,
Barzillai,13,yes,13,0,바르실래,고유명사 음역/관습 표기 확인
baker,13,no,0,13,제빵사/떡굽는 자,
Ashkelon,13,yes,13,0,아스글론,고유명사 음역/관습 표기 확인
Aramean,13,no,0,13,아람 사람,
Arab,13,mixed,2,11,아라비아 사람,
approaching,13,no,0,13,다가오는/접근하는,
apostasy,13,no,0,13,배교,
another,13,no,0,13,다른,
Anah,13,yes,13,0,아나,고유명사 음역/관습 표기 확인
Amalekite,13,no,0,13,Amalekite 사람,
aha,13,no,0,13,아하!,
accompany,13,no,0,13,동행하다,
Abihu,13,yes,13,0,아비후,고유명사 음역/관습 표기 확인
Abel,13,yes,13,0,아벨,고유명사 음역/관습 표기 확인
<spot on skin>,13,no,0,13,피부 반점,
<land of gold>,13,yes,13,0,<금의 땅>,고유명사 음역/관습 표기 확인
Ziph,12,yes,12,0,시프,고유명사 음역/관습 표기 확인
Zephaniah,12,yes,12,0,스바냐,고유명사 음역/관습 표기 확인
Zelophehad,12,yes,12,0,슬로브핫,고유명사 음역/관습 표기 확인
wheeze,12,no,0,12,쌕쌕거리다,
verily,12,no,0,12,진실로/참으로,
Uzzi,12,yes,12,0,웃시,고유명사 음역/관습 표기 확인
unapproachable,12,no,0,12,가까이하기 어려운,
temple prostitute,12,no,0,12,성전 창기,
Teman,12,yes,12,0,데만,고유명사 음역/관습 표기 확인
tail,12,no,0,12,꼬리,
string,12,no,0,12,끈/실,
stamp,12,no,0,12,밟아 누르다/도장,
soothsayer,12,no,0,12,점술가,
something detestable,12,no,0,12,가증한 것,
skirt,12,no,0,12,옷자락,
shrewd,12,no,0,12,영리한/교활한,
shovel,12,no,0,12,삽,
Shelemiah,12,yes,12,0,슬레먀,고유명사 음역/관습 표기 확인
Shecaniah,12,yes,12,0,스가냐,고유명사 음역/관습 표기 확인
Shealtiel,12,yes,12,0,스알디엘,고유명사 음역/관습 표기 확인
shake off,12,no,0,12,떨쳐 버리다,
scalp,12,no,0,12,두피,
sabbatical feast,12,no,0,12,안식년 절기/안식 축제,
Rezin,12,yes,12,0,르신,고유명사 음역/관습 표기 확인
Reuel,12,yes,12,0,르우엘,고유명사 음역/관습 표기 확인
Rehob,12,yes,12,0,르홉,고유명사 음역/관습 표기 확인
ready,12,no,0,12,준비된/기꺼이,
province,12,no,0,12,도/지방,
precious stone,12,no,0,12,보석,
pollute,12,no,0,12,더럽히다/부정하게 하다,
Pekah,12,yes,12,0,베가,고유명사 음역/관습 표기 확인
Paran,12,yes,12,0,바란,고유명사 음역/관습 표기 확인
Netophathite,12,no,0,12,느도바 사람,
Neriah,12,yes,12,0,느리야,고유명사 음역/관습 표기 확인
neighbourhood,12,no,0,12,이웃/근방,
mother-in-law,12,no,0,12,시어머니/장모,
Milcah,12,yes,12,0,밀가,고유명사 음역/관습 표기 확인
Meshech,12,yes,12,0,메섹,고유명사 음역/관습 표기 확인
Mamre,12,yes,12,0,마므레,고유명사 음역/관습 표기 확인
lapis lazuli,12,no,0,12,청금석,
Lamech,12,yes,12,0,라멕,고유명사 음역/관습 표기 확인
Kidron,12,yes,12,0,기드론,고유명사 음역/관습 표기 확인
Kenaz,12,yes,12,0,그나스,고유명사 음역/관습 표기 확인
Jozabad,12,yes,12,0,요사밧,고유명사 음역/관습 표기 확인
Joah,12,yes,12,0,요아,고유명사 음역/관습 표기 확인
Jether,12,yes,12,0,예델,고유명사 음역/관습 표기 확인
Japheth,12,yes,12,0,야벳,고유명사 음역/관습 표기 확인
Ish-Bosheth,12,yes,12,0,이스보셋,고유명사 음역/관습 표기 확인
Heber,12,yes,12,0,헤벨,고유명사 음역/관습 표기 확인
headdress,12,no,0,12,머리 장식,
Harim,12,yes,12,0,하림,고유명사 음역/관습 표기 확인
Hanun,12,yes,12,0,하눈,고유명사 음역/관습 표기 확인
Hanani,12,yes,12,0,하나니,고유명사 음역/관습 표기 확인
Greece,12,yes,12,0,헬라,고유명사 음역/관습 표기 확인
gore,12,no,0,12,찌르다/피바다,
Gileadite,12,no,0,12,길르앗 사람,
generative power,12,no,0,12,생식력/번식력,
flute,12,no,0,12,피리,
fifth part,12,no,0,12,오분의 일,
field?,12,no,0,12,들판(?),
fatling,12,no,0,12,살진 짐승,
fallow-buck,12,no,0,12,숫영양,
Ezer,12,yes,12,0,에셀,고유명사 음역/관습 표기 확인
engraving,12,no,0,12,조각/새김,
Ehud,12,yes,12,0,에훗,고유명사 음역/관습 표기 확인
dung,12,no,0,12,똥/분료,
divine,12,no,0,12,신성한/점치다,
Dibon,12,yes,12,0,디본,고유명사 음역/관습 표기 확인
devour,12,no,0,12,삼켜버리다/게걸스럽게 먹다,
Dedan,12,yes,12,0,드단,고유명사 음역/관습 표기 확인
cud,12,no,0,12,되새김질한 먹이,
channel,12,no,0,12,수로/수로 도랑,
carnelian,12,no,0,12,홍옥수,
building,12,no,0,12,건물/건축,
bubble,12,no,0,12,거품/거품이 일다,
bracelet,12,no,0,12,팔찌,
bite,12,no,0,12,물다/물어뜯다,
betroth,12,no,0,12,약혼시키다,
Beriah,12,yes,12,0,브라야,고유명사 음역/관습 표기 확인
Belteshazzar,12,yes,12,0,벨드사살,고유명사 음역/관습 표기 확인
be wakeful,12,no,0,12,잠들지 않다/경계하다,
be smooth,12,no,0,12,매끄럽다,
be precious,12,no,0,12,귀중하다/귀하다,
be lavish,12,no,0,12,아낌없이 주다/호화롭다,
be crooked,12,no,0,12,구부러지다,
Bathsheba,12,yes,12,0,밧세바,고유명사 음역/관습 표기 확인
baldness,12,no,0,12,대머리/탈모,
awake,12,no,0,12,깨어 있다/깨우다,
attach,12,no,0,12,붙이다/첨부하다,
appendage of liver,12,no,0,12,간의 부속물,
appear,12,no,0,12,나타나다/보이다,
ambush,12,no,0,12,매복/복병,
alone,12,no,0,12,혼자,
alienate,12,no,0,12,소외시키다/멀어지게 하다,
Abiram,12,yes,12,0,아비람,고유명사 음역/관습 표기 확인
Abdon,12,yes,12,0,압돈,고유명사 음역/관습 표기 확인
Zorah,11,yes,11,0,소라,고유명사 음역/관습 표기 확인
Zoar,11,yes,11,0,소알,고유명사 음역/관습 표기 확인
Zin,11,yes,11,0,신,고유명사 음역/관습 표기 확인
zebra,11,no,0,11,얼룩말,
Zebadiah,11,yes,11,0,스바댜,고유명사 음역/관습 표기 확인
Zaccur,11,yes,11,0,작굴,고유명사 음역/관습 표기 확인
whistling,11,no,0,11,휘파람 소리,
whelp,11,no,0,11,새끼,
what is sold,11,no,0,11,팔린 것,
weary,11,no,0,11,피곤한,
waste,11,no,0,11,황무,
virginity,11,no,0,11,처녀성,
Vashti,11,yes,11,0,와스디,고유명사 음역/관습 표기 확인
transplant,11,no,0,11,옮겨 심다,
tent camp,11,no,0,11,천막 진,
ten thousand,11,no,0,11,만,
Tabor,11,yes,11,0,다볼,고유명사 음역/관습 표기 확인
standing grain,11,no,0,11,서 있는 곡식,
Shebna,11,yes,11,0,셉나,고유명사 음역/관습 표기 확인
sated,11,no,0,11,배부른/만족한,
Sanballat,11,yes,11,0,산발랏,고유명사 음역/관습 표기 확인
right of first-born,11,no,0,11,장자의 권리,
raven,11,no,0,11,까마귀,
putrefy,11,no,0,11,부패하다,
ploughshare,11,no,0,11,쟁기날,
perversity,11,no,0,11,사악함/비뚤어짐,
pasturage,11,no,0,11,목초지,
overthrow,11,no,0,11,뒤엎다/타도하다,
opposition,11,no,0,11,반대,
Obed,11,yes,11,0,오벳,고유명사 음역/관습 표기 확인
Nahshon,11,yes,11,0,나손,고유명사 음역/관습 표기 확인
maggot,11,no,0,11,구더기,
madness,11,no,0,11,광기,
loins,11,no,0,11,허리,
kor,11,no,0,11,고르,
Kadesh Barnea,11,yes,11,0,가데스 바네아,고유명사 음역/관습 표기 확인
Jew,11,no,0,11,유대인,
Jeroham,11,yes,11,0,여로함,고유명사 음역/관습 표기 확인
Immer,11,yes,11,0,임메르,고유명사 음역/관습 표기 확인
hyssop,11,no,0,11,우슬초,
highest,11,no,0,11,지극히 높은,
heap stones,11,no,0,11,돌무더기를 쌓다,
head-place,11,no,0,11,머리맡,
Haran,11,yes,11,0,하란,고유명사 음역/관습 표기 확인
handful,11,no,0,11,한 줌,
groan,11,no,0,11,신음하다,
Gittite,11,no,0,11,Gittite 사람,
Gerar,11,yes,11,0,그랄,고유명사 음역/관습 표기 확인
folly,11,no,0,11,우매함,
female companion,11,no,0,11,여자 동무,
feed,11,no,0,11,먹이다,
excitement,11,no,0,11,흥분,
Er,11,yes,11,0,엘,고유명사 음역/관습 표기 확인
equipment,11,no,0,11,장비,
enclosure,11,no,0,11,울타리 둘러친 곳,
Eliel,11,yes,11,0,엘리엘,고유명사 음역/관습 표기 확인
dough,11,no,0,11,반죽,
Deborah,11,yes,11,0,드보라,고유명사 음역/관습 표기 확인
Dathan,11,yes,11,0,다단,고유명사 음역/관습 표기 확인
damage,11,no,0,11,손해/손상,
dainty,11,no,0,11,진미/별미,
clap hands,11,no,0,11,손뼉 치다,
Cherethite,11,no,0,11,그렛 사람,
chaff,11,no,0,11,쭉정이,
care,11,no,0,11,돌봄/염려,
butter,11,no,0,11,버터/응유,
bridle,11,no,0,11,재갈/굴레,
border,11,no,0,11,경계/가장자리,
Beor,11,yes,11,0,브올,고유명사 음역/관습 표기 확인
beaming eyes,11,no,0,11,빛나는 눈,
be thirsty,11,no,0,11,목마르다,
be ruddy,11,no,0,11,불그스름하다,
be presumptuous,11,no,0,11,주제넘다/오만하다,
be pleasing,11,no,0,11,기쁘게 하다/마음에 들다,
be new,11,no,0,11,새롭다,
be easy,11,no,0,11,쉬다/쉬운,
be dainty,11,no,0,11,까다롭다/고상하다,
back,11,no,0,11,등/뒤,
Azmaveth,11,yes,11,0,아스마웻,고유명사 음역/관습 표기 확인
attack,11,no,0,11,공격하다,
at ease,11,no,0,11,평안히/편히,
Aphek,11,yes,11,0,아벡,고유명사 음역/관습 표기 확인
Ammihud,11,yes,11,0,암미훗,고유명사 음역/관습 표기 확인
Aijalon,11,yes,11,0,아얄론,고유명사 음역/관습 표기 확인
Adar,11,yes,11,0,아달,고유명사 음역/관습 표기 확인
Adam,11,yes,11,0,아담,고유명사 음역/관습 표기 확인
Adaiah,11,yes,11,0,아다야,고유명사 음역/관습 표기 확인
abhor,11,no,0,11,혐오하다,
<mother of Dan Naphtali>,11,yes,11,0,<단·납달리의 어머니>,고유명사 음역/관습 표기 확인
young woman,10,no,0,10,젊은 여자,
wrap,10,no,0,10,44,
woof,10,no,0,10,씨실,
wild oxen,10,no,0,10,들소,
vulture,10,no,0,10,독수리,
vessel,10,no,0,10,그릇/용기,
Uzza,10,yes,10,0,웃사,고유명사 음역/관습 표기 확인
Uz,10,yes,10,0,우스,고유명사 음역/관습 표기 확인
Uri,10,yes,10,0,우리,고유명사 음역/관습 표기 확인
track,10,no,0,10,자취/길,
Topheth,10,yes,10,0,도벳,고유명사 음역/관습 표기 확인
topaz,10,no,0,10,황옥,
thirsty,10,no,0,10,목마른,
the Valley of Ben Hinnom,10,yes,10,0,힌놈의 아들 골짜기,고유명사 음역/관습 표기 확인
texture,10,no,0,10,결/조직,
teaching,10,no,0,10,가르침/교훈,
tattoo,10,no,0,10,문신,
tarry,10,no,0,10,지체하다,
take tenth,10,no,0,10,십일조를 떼다,
stumbling,10,no,0,10,걸림,
squeeze,10,no,0,10,짜다,
smoothness,10,no,0,10,매끄러움,
smitten,10,no,0,10,타격당한,
slope,10,no,0,10,비탈/경사,
sleeping,10,no,0,10,잠자는,
skip,10,no,0,10,뛰어넘다,
silence,10,no,0,10,침묵,
Shobal,10,yes,10,0,쇼발,고유명사 음역/관습 표기 확인
shank,10,no,0,10,정강이,
settings,10,no,0,10,받침/장식틀,
set ablaze,10,no,0,10,불붙이다,
seah,10,no,0,10,세아,
scarf,10,no,0,10,스카프/목도리,
saying,10,no,0,10,말/격언,
reveal,10,no,0,10,드러내다/계시하다,
release,10,no,0,10,해방/석방,
Rehum,10,yes,10,0,르훔,고유명사 음역/관습 표기 확인
reedy pool,10,no,0,10,갈대 연못,
Rapha,10,yes,10,0,라파,고유명사 음역/관습 표기 확인
Pedaiah,10,yes,10,0,브다야,고유명사 음역/관습 표기 확인
owl,10,no,0,10,올빼미,
Ophrah,10,yes,10,0,오브라,고유명사 음역/관습 표기 확인
Neco,10,yes,10,0,느고,고유명사 음역/관습 표기 확인
Nahash,10,yes,10,0,나하스,고유명사 음역/관습 표기 확인
Mishael,10,yes,10,0,미사엘,고유명사 음역/관습 표기 확인
mina,10,no,0,10,미나,
Memphis,10,yes,10,0,멤피스,고유명사 음역/관습 표기 확인
Mattithiah,10,yes,10,0,맛디다,고유명사 음역/관습 표기 확인
Mareshah,10,yes,10,0,마레사,고유명사 음역/관습 표기 확인
Maon,10,yes,10,0,마온,고유명사 음역/관습 표기 확인
Makkedah,10,yes,10,0,막게다,고유명사 음역/관습 표기 확인
lying down,10,no,0,10,누움/눕기,
lovely,10,no,0,10,사랑스러운,
longing,10,no,0,10,갈망,
long time,10,no,0,10,오랜 세월,
log,10,no,0,10,통나무,
left-hand,10,no,0,10,왼편,
lay waste,10,no,0,10,황폐케 하다,
labouring,10,no,0,10,수고하는,
Kiriath Arba,10,yes,10,0,기럇아르바,고유명사 음역/관습 표기 확인
kindness,10,no,0,10,인자/친절,
juice,10,no,0,10,즙,
Jeush,10,yes,10,0,여우스,고유명사 음역/관습 표기 확인
Jethro,10,yes,10,0,이두로,고유명사 음역/관습 표기 확인
Jehohanan,10,yes,10,0,여호하난,고유명사 음역/관습 표기 확인
jealous,10,no,0,10,질투하는,
Izhar,10,yes,10,0,이스할,고유명사 음역/관습 표기 확인
Ittai,10,yes,10,0,잇대,고유명사 음역/관습 표기 확인
inaction,10,no,0,10,무활동,
Hormah,10,yes,10,0,호르마,고유명사 음역/관습 표기 확인
helmet,10,no,0,10,투구,
hammered work,10,no,0,10,두들겨 만든 세공,
grow dim,10,no,0,10,희미해지다,
gleaning,10,no,0,10,이삭줍기,
girl friend,10,no,0,10,여자 친구,
Geshur,10,yes,10,0,그술,고유명사 음역/관습 표기 확인
Gera,10,yes,10,0,게라,고유명사 음역/관습 표기 확인
gather wood,10,no,0,10,나무를 모으다,
Gaal,10,yes,10,0,가알,고유명사 음역/관습 표기 확인
frost,10,no,0,10,서리,
fresh,10,no,0,10,신선한,
fourth part,10,no,0,10,4분의 1,
familiar,10,no,0,10,익숙한,
explain,10,no,0,10,설명하다,
ewe,10,no,0,10,암양,
evil report,10,no,0,10,악평/나쁜 소문,
Ebal,10,yes,10,0,에발,고유명사 음역/관습 표기 확인
disease,10,no,0,10,질병,
dignity,10,no,0,10,위엄/존귀,
desirables,10,no,0,10,귀한 것들,
delighting,10,no,0,10,기뻐하는,
decision,10,no,0,10,결정,
deaf,10,no,0,10,귀먹은,
crookedness,10,no,0,10,굽음,
copy,10,no,0,10,사본,
copper,10,no,0,10,구리,
cold,10,no,0,10,추위,
city,10,no,0,10,성읍,
Chaldaean,10,no,0,10,갈대아 사람,
captives,10,no,0,10,포로들,
broom,10,no,0,10,빗자루,
Binnui,10,yes,10,0,빈누이,고유명사 음역/관습 표기 확인
Bezalel,10,yes,10,0,브살렐,고유명사 음역/관습 표기 확인
Beth Shan,10,yes,10,0,벧산,고유명사 음역/관습 표기 확인
Belshazzar,10,yes,10,0,벨사살,고유명사 음역/관습 표기 확인
bell,10,no,0,10,방울,
be white,10,no,0,10,be white 사람,
be three,10,no,0,10,셋이 되다,
be happy,10,no,0,10,기뻐하다,
be extinguished,10,no,0,10,꺼지다,
be deep,10,no,0,10,깊다,
be astounded,10,no,0,10,경악하다,
barefoot,10,no,0,10,맨발의,
Baanah,10,yes,10,0,바아나,고유명사 음역/관습 표기 확인
Arpachshad,10,yes,10,0,아르박삿,고유명사 음역/관습 표기 확인
Arkite,10,no,0,10,Arkite 사람,
Araunah,10,yes,10,0,아라우나,고유명사 음역/관습 표기 확인
anoint,10,no,0,10,기름 붓다,
advance,10,no,0,10,전진하다,
<untranslatable>,10,no,0,10,번역 불가(문맥 의존),
<father of Laban>,10,yes,10,0,<라반의 아버지>,고유명사 음역/관습 표기 확인
Zibeon,9,yes,9,0,시브온,고유명사 음역/관습 표기 확인
Zabad,9,yes,9,0,자밧,고유명사 음역/관습 표기 확인
young ewe-lamb,9,no,0,9,어린 암양,
wormwood,9,no,0,9,쓴쑥,
whitewash,9,no,0,9,회칠하다,
whip,9,no,0,9,채찍,
watch-tower,9,no,0,9,망대/초소,
wander,9,no,0,9,방황하다/헤매다,
wafer,9,no,0,9,전병,
village,9,no,0,9,촌락/마을,
veil,9,no,0,9,베일/수건,
tumours,9,no,0,9,종기/종양,
Tubal,9,yes,9,0,두발,고유명사 음역/관습 표기 확인
tribute,9,no,0,9,조공,
treat violently,9,no,0,9,난폭하게 대하다/폭행하다,
thicket,9,no,0,9,덤불/숲,
Temanite,9,no,0,9,데만 사람,
straight,9,no,0,9,곧은/곧다,
sting,9,no,0,9,침/쏘다,
steed,9,no,0,9,준마,
spring-rain,9,no,0,9,봄비,
spittle,9,no,0,9,침,
Socoh,9,yes,9,0,소고,고유명사 음역/관습 표기 확인
slice,9,no,0,9,얇은 조각,
sleeping place,9,no,0,9,침소/잠자리,
Shunammite,9,no,0,9,수넴 사람/여인,
Shinar,9,yes,9,0,시날,고유명사 음역/관습 표기 확인
Sherebiah,9,yes,9,0,스레뱌,고유명사 음역/관습 표기 확인
Shelomith,9,yes,9,0,슬로밋,고유명사 음역/관습 표기 확인
Shebaniah,9,yes,9,0,스바냐,고유명사 음역/관습 표기 확인
Shaphat,9,yes,9,0,사밧,고유명사 음역/관습 표기 확인
Seth,9,yes,9,0,셋,고유명사 음역/관습 표기 확인
scar,9,no,0,9,흉터,
scaly mail,9,no,0,9,비늘 갑옷,
scale,9,no,0,9,비늘,
savoury food,9,no,0,9,별미/맛있는 음식,
running,9,no,0,9,달리기,
rage,9,no,0,9,격분/분노,
podium,9,no,0,9,연단,
plug,9,no,0,9,마개,
planting,9,no,0,9,심음/식재,
Pisgah,9,yes,9,0,비스가,고유명사 음역/관습 표기 확인
Philistia,9,yes,9,0,블레셋,고유명사 음역/관습 표기 확인
perfection,9,no,0,9,완전/완전함,
patch,9,no,0,9,기운 조각/패치,
pan,9,no,0,9,팬/평평한 냄비,
Ophel,9,yes,9,0,오벨,고유명사 음역/관습 표기 확인
Onan,9,yes,9,0,오난,고유명사 음역/관습 표기 확인
occupation,9,no,0,9,생업/직업,
night watch,9,no,0,9,야경/밤 경점,
Nehemiah,9,yes,9,0,느헤미야,고유명사 음역/관습 표기 확인
nation,9,no,0,9,민족,
Mushi,9,yes,9,0,무시,고유명사 음역/관습 표기 확인
murmuring,9,no,0,9,원망/불평,
moth,9,no,0,9,좀/나방,
Moloch,9,yes,9,0,몰렉,고유명사 음역/관습 표기 확인
Menahem,9,yes,9,0,므나헴,고유명사 음역/관습 표기 확인
march,9,no,0,9,행군하다,
Malluch,9,yes,9,0,말룩,고유명사 음역/관습 표기 확인
Maacathite,9,no,0,9,마아가 사람,
Luz,9,yes,9,0,루스,고유명사 음역/관습 표기 확인
lords,9,no,0,9,주들/영주들,
life preservation,9,no,0,9,생명 보존,
lead oxide,9,no,0,9,납분/납 가루,
lay snares,9,no,0,9,올무를 놓다,
lattice,9,no,0,9,창살/격자,
Korahite,9,no,0,9,고라 자손,
Kebar,9,yes,9,0,그발,고유명사 음역/관습 표기 확인
Kadmiel,9,yes,9,0,갓미엘,고유명사 음역/관습 표기 확인
junction,9,no,0,9,접합부/교차점,
joint,9,no,0,9,관절/이음부,
Jeremoth,9,yes,9,0,여레못,고유명사 음역/관습 표기 확인
Jerahmeel,9,yes,9,0,여라므엘,고유명사 음역/관습 표기 확인
Jehozadak,9,yes,9,0,여호사닥,고유명사 음역/관습 표기 확인
Jehonadab,9,yes,9,0,여호나답,고유명사 음역/관습 표기 확인
Jakin,9,yes,9,0,야긴,고유명사 음역/관습 표기 확인
Jahath,9,yes,9,0,야핫,고유명사 음역/관습 표기 확인
Jabin,9,yes,9,0,야빈,고유명사 음역/관습 표기 확인
Ishmaelite,9,no,0,9,이스마엘 사람,
incurable,9,no,0,9,불치의/고칠 수 없는,
incense-stand,9,no,0,9,향단/향궤,
hammered gold,9,no,0,9,두들긴 금,
grieve,9,no,0,9,슬퍼하다/괴로워하다,
go up,9,no,0,9,올라가다,
go down,9,no,0,9,내려가다,
gnat,9,no,0,9,모기/작은 벌레,
Gilboa,9,yes,9,0,길보아,고유명사 음역/관습 표기 확인
Gibeonite,9,no,0,9,기브온 사람,
ghosts,9,no,0,9,망령/유령,
Gedor,9,yes,9,0,그돌,고유명사 음역/관습 표기 확인
friend,9,no,0,9,친구/벗,
fork,9,no,0,9,갈고리/갈래,
ford,9,no,0,9,여울목,
forbid,9,no,0,9,금하다/금지하다,
floor,9,no,0,9,바닥/마룻바닥,
flood,9,no,0,9,홍수/범람,
field,9,no,0,9,들/밭,
excessive,9,no,0,9,지나친/과도한,
Ethan,9,yes,9,0,에단,고유명사 음역/관습 표기 확인
enclose,9,no,0,9,둘러싸다/둘러막다,
Eliphelet,9,yes,9,0,엘리벨렛,고유명사 음역/관습 표기 확인
Elath,9,yes,9,0,엘랏,고유명사 음역/관습 표기 확인
Edrei,9,yes,9,0,에드레이,고유명사 음역/관습 표기 확인
ease,9,no,0,9,안일/편안함,
ears,9,no,0,9,귀/귀들,
earlobe,9,no,0,9,귓불,
dry ground,9,no,0,9,마른 땅,
Dor,9,yes,9,0,돌,고유명사 음역/관습 표기 확인
dominate,9,no,0,9,지배하다/우세하다,
Dinah,9,yes,9,0,디나,고유명사 음역/관습 표기 확인
Delaiah,9,yes,9,0,들라야,고유명사 음역/관습 표기 확인
dedication,9,no,0,9,봉헌/헌납,
dash,9,no,0,9,내던지다/세게 부딪치다,
Cypriot,9,no,0,9,키프로스 사람,
cut grain,9,no,0,9,이삭을 베다,
cut down,9,no,0,9,베어내다/감축하다,
confidence,9,no,0,9,신뢰/확신,
circle,9,no,0,9,원/둘러싸다,
Chemosh,9,yes,9,0,그모스,고유명사 음역/관습 표기 확인
chant elegy,9,no,0,9,애가를 읊다,
chain,9,no,0,9,사슬/쇠사슬,
carve,9,no,0,9,새기다/조각하다,
Carmi,9,yes,9,0,갈미,고유명사 음역/관습 표기 확인
carcass,9,no,0,9,사체/죽은 짐승,
byssus cloth,9,no,0,9,세마포,
Bozrah,9,yes,9,0,보스라,고유명사 음역/관습 표기 확인
blindness,9,no,0,9,실명/눈멀음,
bird of prey,9,no,0,9,맹금,
Bicri,9,yes,9,0,빅리,고유명사 음역/관습 표기 확인
bereaved of children,9,no,0,9,자녀를 잃은,
beloved,9,no,0,9,사랑하는 자,
belittle,9,no,0,9,폄하하다,
be tender,9,no,0,9,부드럽다,
be still,9,no,0,9,고요하다,
be small,9,no,0,9,작다,
be pleasant,9,no,0,9,기쁘다,
be in pain,9,no,0,9,고통받다,
be faint,9,no,0,9,기진하다,
be beautiful,9,no,0,9,아름답다,
Azel,9,yes,9,0,아셀,고유명사 음역/관습 표기 확인
atonement,9,no,0,9,속죄,
Asaiah,9,yes,9,0,아사야,고유명사 음역/관습 표기 확인
Arioch,9,yes,9,0,아리옥,고유명사 음역/관습 표기 확인
apostate,9,no,0,9,배교자,
Akkub,9,yes,9,0,아쿱,고유명사 음역/관습 표기 확인
Agag,9,yes,9,0,아각,고유명사 음역/관습 표기 확인
Adullam,9,yes,9,0,아둘람,고유명사 음역/관습 표기 확인
adornment,9,no,0,9,장식,
adorn,9,no,0,9,장식하다,
Adah,9,yes,9,0,아다,고유명사 음역/관습 표기 확인
a certain,9,no,0,9,어느/어떤,
Zoan,8,yes,8,0,소안,고유명사 음역/관습 표기 확인
Zippor,8,yes,8,0,싯볼,고유명사 음역/관습 표기 확인
Zilpah,8,yes,8,0,실바,고유명사 음역/관습 표기 확인
wolf,8,no,0,8,이리/늑대,
wilderness,8,no,0,8,광야/사막,
what is taken,8,no,0,8,취한 것/빼앗긴 것,
wash away,8,no,0,8,씻어 없애다,
walk straight,8,no,0,8,곧게 걷다/바로 행하다,
voice,8,no,0,8,소리/음성,
vintage,8,no,0,8,포도 수확기/포도 수확,
undertaking,8,no,0,8,사업/책임 맡은 일,
twisted,8,no,0,8,비틀린/꼬인,
trough,8,no,0,8,구유/물통,
troop,8,no,0,8,무리/부대,
trickle,8,no,0,8,졸졸 흐르다/방울져 흐르다,
trampled land,8,no,0,8,밟힌 땅,
Tiglath-Pileser,8,yes,8,0,디글랏빌레셀,고유명사 음역/관습 표기 확인
Tekoite,8,no,0,8,드고아 사람,
Tekoa,8,yes,8,0,드고아,고유명사 음역/관습 표기 확인
teacher,8,no,0,8,교사/선생,
Tappuah,8,yes,8,0,답부아,고유명사 음역/관습 표기 확인
Tahpanhes,8,yes,8,0,다바네스,고유명사 음역/관습 표기 확인
Tahath,8,yes,8,0,다핫,고유명사 음역/관습 표기 확인
Taanach,8,yes,8,0,다아낙,고유명사 음역/관습 표기 확인
sycamore,8,no,0,8,돌무화과나무,
swine,8,no,0,8,돼지,
sweep,8,no,0,8,쓸다/휩쓸다,
sulphur,8,no,0,8,유황,
stylus,8,no,0,8,철필/필침,
stores,8,no,0,8,비축/창고,
storages,8,no,0,8,저장물/비축분,
stop,8,no,0,8,멈추다/중지하다,
stock,8,no,0,8,줄기/재고,
speaker,8,no,0,8,말하는 자/연사,
single hair,8,no,0,8,한 올의 머리카락,
Sin,8,yes,8,0,신,고유명사 음역/관습 표기 확인
Shubael,8,yes,8,0,수바엘,고유명사 음역/관습 표기 확인
shore,8,no,0,8,해안/기슭,
Shishak,8,yes,8,0,시삭,고유명사 음역/관습 표기 확인
Shilonite,8,no,0,8,실로 사람,
Shema,8,yes,8,0,스마,고유명사 음역/관습 표기 확인
Sharon,8,yes,8,0,사론,고유명사 음역/관습 표기 확인
Shammah,8,yes,8,0,삼마,고유명사 음역/관습 표기 확인
secrecy,8,no,0,8,비밀스러움,
scorching,8,no,0,8,작열/타들어감,
rottenness,8,no,0,8,썩음/부패,
root up,8,no,0,8,뿌리째 뽑다,
robber,8,no,0,8,강도/도적,
roaring,8,no,0,8,포효/으르렁거림,
Rekem,8,yes,8,0,레겜,고유명사 음역/관습 표기 확인
Ram,8,yes,8,0,람,고유명사 음역/관습 표기 확인
rags,8,no,0,8,누더기,
Put,8,yes,8,0,붓,고유명사 음역/관습 표기 확인
Puah,8,yes,8,0,푸아,고유명사 음역/관습 표기 확인
profane,8,no,0,8,속되게 하다/세속의,
plague,8,no,0,8,재앙/역병,
pivot,8,no,0,8,회전축/경첩축,
Pelethite,8,no,0,8,블레티 사람,
Peleg,8,yes,8,0,벨렉,고유명사 음역/관습 표기 확인
pay off,8,no,0,8,빚을 갚다/상환하다,
passage,8,no,0,8,통로/구절,
ox,8,no,0,8,수소/황소,
Othniel,8,yes,8,0,옷니엘,고유명사 음역/관습 표기 확인
Oreb,8,yes,8,0,오렙,고유명사 음역/관습 표기 확인
order,8,no,0,8,명령/질서,
Nob,8,yes,8,0,놉,고유명사 음역/관습 표기 확인
mixture,8,no,0,8,혼합물,
missile,8,no,0,8,투척물/미사일,
Midianite,8,no,0,8,미디안 사람,
Mesha,8,yes,8,0,메사,고유명사 음역/관습 표기 확인
Meribah,8,yes,8,0,므리바,고유명사 음역/관습 표기 확인
Meraioth,8,yes,8,0,므라욧,고유명사 음역/관습 표기 확인
memorial offering,8,no,0,8,기념 예물,
Mahalalel,8,yes,8,0,마할랄렐,고유명사 음역/관습 표기 확인
Lotan,8,yes,8,0,로단,고유명사 음역/관습 표기 확인
looseness,8,no,0,8,해이함/느슨함,
loin,8,no,0,8,허리/허리부분,
litter,8,no,0,8,짓무르다/어수선함,
lick,8,no,0,8,핥다,
lamentation,8,no,0,8,애곡/통곡,
Ladan,8,yes,8,0,라단,고유명사 음역/관습 표기 확인
Kiriathaim,8,yes,8,0,기럇다임,고유명사 음역/관습 표기 확인
Kinnereth,8,yes,8,0,긴네렛,고유명사 음역/관습 표기 확인
Judaea,8,yes,8,0,유대(지역),고유명사 음역/관습 표기 확인
Jonadab,8,yes,8,0,요나답,고유명사 음역/관습 표기 확인
Jerimoth,8,yes,8,0,여림못,고유명사 음역/관습 표기 확인
Jered,8,yes,8,0,예렛,고유명사 음역/관습 표기 확인
Jarmuth,8,yes,8,0,얌뭇,고유명사 음역/관습 표기 확인
Jahzah,8,yes,8,0,야사,고유명사 음역/관습 표기 확인
Jabbok,8,yes,8,0,얍복,고유명사 음역/관습 표기 확인
instant,8,no,0,8,순간/즉시,
innocence,8,no,0,8,무죄/순결,
inhibition,8,no,0,8,억제/금지,
howling,8,no,0,8,울부짖음/울부짖다,
Horite,8,no,0,8,호리 사람,
Hodaviah,8,yes,8,0,호다위야,고유명사 음역/관습 표기 확인
Havilah,8,yes,8,0,하윌라,고유명사 음역/관습 표기 확인
hand-mill,8,no,0,8,맷돌,
grumble,8,no,0,8,불평하다/투덜거리다,
Gomer,8,yes,8,0,고멜,고유명사 음역/관습 표기 확인
Girgashite,8,no,0,8,기르가스 사람,
gather grapes,8,no,0,8,포도를 수확하다,
gain,8,no,0,8,이득/얻다,
fox,8,no,0,8,여우,
fleece,8,no,0,8,양털,
finish,8,no,0,8,마치다/끝내다,
filter,8,no,0,8,거르다/여과하다,
farmer,8,no,0,8,농부,
faithful,8,no,0,8,신실한/충실한,
Ezion Geber,8,yes,8,0,에시온게벨,고유명사 음역/관습 표기 확인
exactly,8,no,0,8,정확히/꼭,
Eshtaol,8,yes,8,0,에스다올,고유명사 음역/관습 표기 확인
Enosh,8,yes,8,0,에노스,고유명사 음역/관습 표기 확인
encampment,8,no,0,8,진영/진치기,
Elnathan,8,yes,8,0,엘나단,고유명사 음역/관습 표기 확인
Elizaphan,8,yes,8,0,엘리사반,고유명사 음역/관습 표기 확인
Elioenai,8,yes,8,0,엘요에내,고유명사 음역/관습 표기 확인
draw together,8,no,0,8,모아 끌다,
drain,8,no,0,8,배수하다/물빼다,
distort,8,no,0,8,왜곡하다,
Dishon,8,yes,8,0,디손,고유명사 음역/관습 표기 확인
diseases,8,no,0,8,질병들,
dim,8,no,0,8,흐릿하다/어둑하다,
devastation,8,no,0,8,황폐/폐허,
detest,8,no,0,8,가증히 여기다/싫어하다,
descent,8,no,0,8,하강/내리막,
dark place,8,no,0,8,어두운 곳,
crook,8,no,0,8,갈고리,
contents of stomach,8,no,0,8,위 내용물,
confusion,8,no,0,8,혼란/혼잡,
collection,8,no,0,8,수집/모음,
Carmelite,8,no,0,8,갈멜 사람,
branches,8,no,0,8,가지들,
book,8,no,0,8,책,
blaspheme,8,no,0,8,모독하다,
Beth Aven,8,yes,8,0,벧아웬,고유명사 음역/관습 표기 확인
be stupid,8,no,0,8,어리석다,
be stormy,8,no,0,8,폭풍이 일다,
be serene,8,no,0,8,평온하다,
be missing,8,no,0,8,없다/실종되다,
be mad,8,no,0,8,미치다/광기,
be lame,8,no,0,8,절다,
be great,8,no,0,8,위대하다/커지다,
Basemath,8,yes,8,0,바스맛,고유명사 음역/관습 표기 확인
backwards,8,no,0,8,뒤로/거꾸로,
Azekah,8,yes,8,0,아세가,고유명사 음역/관습 표기 확인
attend to,8,no,0,8,돌보다/유의하다,
ash pit,8,no,0,8,재 구덩이,
Amos,8,yes,8,0,아모스,고유명사 음역/관습 표기 확인
Ahinoam,8,yes,8,0,아히노암,고유명사 음역/관습 표기 확인
advantage,8,no,0,8,이익/유익,
Acbor,8,yes,8,0,악볼,고유명사 음역/관습 표기 확인
Abihail,8,yes,8,0,아비하일,고유명사 음역/관습 표기 확인
Abiezer,8,yes,8,0,아비에셀,고유명사 음역/관습 표기 확인
<wife of Esau>,8,yes,8,0,<에서의 아내>,고유명사 음역/관습 표기 확인
<son of Gilead>,8,yes,8,0,<길르앗의 아들>,고유명사 음역/관습 표기 확인
<oracle device>,8,no,0,8,제의 도구,
<king>,8,yes,8,0,<왕>,고유명사 음역/관습 표기 확인
Zerahite,7,no,0,7,세라 자손,
Zeeb,7,yes,7,0,세엡,고유명사 음역/관습 표기 확인
Zebul,7,yes,7,0,스불,고유명사 음역/관습 표기 확인
Zanoah,7,yes,7,0,사노아,고유명사 음역/관습 표기 확인
Zabdi,7,yes,7,0,삽디,고유명사 음역/관습 표기 확인
young one,7,no,0,7,새끼/어린 것,
wine-press,7,no,0,7,포도즙 틀,
widowhood,7,no,0,7,과부됨/과부 상태,
wide place,7,no,0,7,넓은 곳,
what is robbed,7,no,0,7,빼앗긴 것,
vinegar,7,no,0,7,초/식초,
Ur,7,yes,7,0,우르,고유명사 음역/관습 표기 확인
unwell,7,no,0,7,아픈/병든,
twins,7,no,0,7,쌍둥이,
treasurer,7,no,0,7,재무관/궁내 재정관,
Tola,7,yes,7,0,돌라,고유명사 음역/관습 표기 확인
Tishbite,7,no,0,7,디스비 사람,
Timna,7,yes,7,0,딤나,고유명사 음역/관습 표기 확인
thorny bush,7,no,0,7,가시덤불,
Thebes,7,yes,7,0,테벳스,고유명사 음역/관습 표기 확인
terrace,7,no,0,7,층단/테라스,
Talmai,7,yes,7,0,달매,고유명사 음역/관습 표기 확인
take refuge,7,no,0,7,피하다/피난하다,
take delight,7,no,0,7,기뻐하다/즐거워하다,
sustenance,7,no,0,7,양식/생계유지,
steering,7,no,0,7,조타/조종,
speechless,7,no,0,7,말 못하는/벙어리의,
sound clarion,7,no,0,7,나팔을 불다,
sorcery,7,no,0,7,주술/마술,
snuffers,7,no,0,7,불집게/등불 집게,
sling,7,no,0,7,물매/투석줄,
slanderer,7,no,0,7,중상자/비방자,
skin-bottle,7,no,0,7,가죽부대,
Shur,7,yes,7,0,술,고유명사 음역/관습 표기 확인
Shimron,7,yes,7,0,심론,고유명사 음역/관습 표기 확인
Shammai,7,yes,7,0,삼매,고유명사 음역/관습 표기 확인
Sepharvaim,7,yes,7,0,스발와임,고유명사 음역/관습 표기 확인
scorpion,7,no,0,7,전갈,
rumour,7,no,0,7,소문/풍문,
ruby,7,no,0,7,루비,
round,7,no,0,7,둥근/둘레,
Rehabiah,7,yes,7,0,르하뱌,고유명사 음역/관습 표기 확인
reddish,7,no,0,7,불그스름한,
quarrel,7,no,0,7,다투다/논쟁,
pulverise,7,no,0,7,가루로 만들다/분쇄하다,
prophetess,7,no,0,7,여선지자,
practice sorcery,7,no,0,7,주술을 행하다,
piss,7,no,0,7,오줌 누다,
Pelatiah,7,yes,7,0,블라댜,고유명사 음역/관습 표기 확인
Parosh,7,yes,7,0,바로스,고유명사 음역/관습 표기 확인
parched grain,7,no,0,7,볶은 곡식,
paleness,7,no,0,7,창백함,
Pahath-Moab,7,yes,7,0,바핫모압,고유명사 음역/관습 표기 확인
overhanging,7,no,0,7,튀어나온/돌출된,
origin,7,no,0,7,기원/근원,
omer,7,no,0,7,오멜,
Oholibah,7,yes,7,0,오홀리바,고유명사 음역/관습 표기 확인
nursing woman,7,no,0,7,젖먹이는 여자/유모,
navel,7,no,0,7,배꼽,
Naioth,7,yes,7,0,나욧,고유명사 음역/관습 표기 확인
Naamah,7,yes,7,0,나아마,고유명사 음역/관습 표기 확인
myrtle,7,no,0,7,도금양/월계수,
Micaiah,7,yes,7,0,미가야,고유명사 음역/관습 표기 확인
Methuselah,7,yes,7,0,므두셀라,고유명사 음역/관습 표기 확인
Meremoth,7,yes,7,0,므레못,고유명사 음역/관습 표기 확인
mastic,7,no,0,7,매스틱 수지,
massage,7,no,0,7,마사지하다/주무르다,
mass,7,no,0,7,덩어리/집단,
mark,7,no,0,7,표/표시,
mandrake,7,no,0,7,합환채,
make known,7,no,0,7,알리다/알게 하다,
Machpelah,7,yes,7,0,막벨라,고유명사 음역/관습 표기 확인
loosen,7,no,0,7,풀다/느슨하게 하다,
long for,7,no,0,7,갈망하다/사모하다,
loads,7,no,0,7,짐들/하중,
live,7,no,0,7,살다/살아 있다,
leviathan,7,no,0,7,리워야단/레위야단,
leopard,7,no,0,7,표범,
leanness,7,no,0,7,수척함/마름,
layer,7,no,0,7,층/겹,
Koz,7,yes,7,0,고스,고유명사 음역/관습 표기 확인
Kishon,7,yes,7,0,기손,고유명사 음역/관습 표기 확인
Kir Hareseth,7,yes,7,0,길하레셋,고유명사 음역/관습 표기 확인
Kenan,7,yes,7,0,게난,고유명사 음역/관습 표기 확인
Jozadak,7,yes,7,0,여사닥,고유명사 음역/관습 표기 확인
Joktan,7,yes,7,0,욕단,고유명사 음역/관습 표기 확인
Jeshimon,7,yes,7,0,여시몬,고유명사 음역/관습 표기 확인
jerboa,7,no,0,7,뛰는쥐/저보아,
Jediael,7,yes,7,0,여디엘,고유명사 음역/관습 표기 확인
Japhia,7,yes,7,0,야피아,고유명사 음역/관습 표기 확인
Jamin,7,yes,7,0,야민,고유명사 음역/관습 표기 확인
Jahaziel,7,yes,7,0,야하시엘,고유명사 음역/관습 표기 확인
Jael,7,yes,7,0,야엘,고유명사 음역/관습 표기 확인
Ishijah,7,yes,7,0,이시야,고유명사 음역/관습 표기 확인
Ira,7,yes,7,0,이라,고유명사 음역/관습 표기 확인
imperturbability,7,no,0,7,평정/동요하지 않음,
Hushim,7,yes,7,0,후심,고유명사 음역/관습 표기 확인
Hosah,7,yes,7,0,호사,고유명사 음역/관습 표기 확인
hollow,7,no,0,7,오목한/움푹한,
Hodiah,7,yes,7,0,호댜,고유명사 음역/관습 표기 확인
heron,7,no,0,7,왜가리,
Hebronite,7,no,0,7,헤브론 사람,
heaviness,7,no,0,7,무거움/중압감,
Hazeroth,7,yes,7,0,하세롯,고유명사 음역/관습 표기 확인
grow,7,no,0,7,자라다/성장하다,
Goliath,7,yes,7,0,골리앗,고유명사 음역/관습 표기 확인
gnaw,7,no,0,7,갉아먹다,
gleam,7,no,0,7,번쩍임/어스레한 빛,
Gihon,7,yes,7,0,기혼,고유명사 음역/관습 표기 확인
Gibbethon,7,yes,7,0,깁브돈,고유명사 음역/관습 표기 확인
Geshurite,7,no,0,7,게수르 사람,
Gemariah,7,yes,7,0,그마랴,고유명사 음역/관습 표기 확인
full moon,7,no,0,7,보름달/만월,
from Ashdod,7,no,0,7,아스돗 출신/아스돗에서,
foot-stool,7,no,0,7,발등상,
first-born woman,7,no,0,7,맏딸/첫째 딸,
figure,7,no,0,7,형상/모양,
fig cake,7,no,0,7,무화과 떡,
Eshtemoa,7,yes,7,0,에스드모아,고유명사 음역/관습 표기 확인
Ephrathah,7,yes,7,0,에프라다,고유명사 음역/관습 표기 확인
Ephah,7,yes,7,0,에바,고유명사 음역/관습 표기 확인
enchanter,7,no,0,7,마술사/주술자,
En Gedi,7,yes,7,0,엔게디,고유명사 음역/관습 표기 확인
Elimelech,7,yes,7,0,엘리멜렉,고유명사 음역/관습 표기 확인
Elim,7,yes,7,0,엘림,고유명사 음역/관습 표기 확인
Eliasaph,7,yes,7,0,엘리아삽,고유명사 음역/관습 표기 확인
Elasah,7,yes,7,0,엘라사,고유명사 음역/관습 표기 확인
egg,7,no,0,7,알/계란,
Eder,7,yes,7,0,에델,고유명사 음역/관습 표기 확인
Ebed-Melech,7,yes,7,0,에벳멜렉,고유명사 음역/관습 표기 확인
Ebed,7,yes,7,0,에벳,고유명사 음역/관습 표기 확인
draw out,7,no,0,7,끌어내다/빼내다,
Doeg,7,yes,7,0,도엑,고유명사 음역/관습 표기 확인
do falsely,7,no,0,7,거짓되게 행하다,
disciple,7,no,0,7,제자,
Delilah,7,yes,7,0,들릴라,고유명사 음역/관습 표기 확인
corals,7,no,0,7,산호들,
contumely,7,no,0,7,모욕/수치,
consolation,7,no,0,7,위로/위안,
come down,7,no,0,7,내려오다,
collapse,7,no,0,7,붕괴/무너지다,
cockroach,7,no,0,7,바퀴벌레,
cobra,7,no,0,7,코브라,
cleanness,7,no,0,7,깨끗함/정결,
bundle,7,no,0,7,묶음/다발,
bristle,7,no,0,7,털이 곤두서다/뻣뻣한 털,
bread of consolation,7,no,0,7,위로의 떡,
branchy,7,no,0,7,가지가 무성한,
bore out,7,no,0,7,뚫어내다,
boiled food,7,no,0,7,삶은 음식,
blackberry bush,7,no,0,7,가시블랙베리 덤불,
black,7,no,0,7,검은/흑색,
Bigvai,7,yes,7,0,빅왜,고유명사 음역/관습 표기 확인
beryl,7,no,0,7,금록석/녹주석,
Beerothite,7,no,0,7,브에롯 사람,
bed,7,no,0,7,침상/침대,
Bebai,7,yes,7,0,브배,고유명사 음역/관습 표기 확인
be weighty,7,no,0,7,무겁다/중요하다,
be sweet,7,no,0,7,달다/달콤하다,
be leavened,7,no,0,7,발효되다/누룩이 들다,
be insolent,7,no,0,7,거만하다/건방지다,
be idle,7,no,0,7,게으르다/한가하다,
be harmful,7,no,0,7,해롭다,
be cunning,7,no,0,7,간교하다/영리하다,
Baal Peor,7,yes,7,0,바알브올,고유명사 음역/관습 표기 확인
Azrikam,7,yes,7,0,아스리감,고유명사 음역/관습 표기 확인
Azarel,7,yes,7,0,아사렐,고유명사 음역/관습 표기 확인
Ayyah,7,yes,7,0,아이야,고유명사 음역/관습 표기 확인
autumn,7,no,0,7,가을,
attentive,7,no,0,7,주의 깊은/경청하는,
Assir,7,yes,7,0,앗실,고유명사 음역/관습 표기 확인
Ashtaroth,7,yes,7,0,아스다롯,고유명사 음역/관습 표기 확인
Arpad,7,yes,7,0,알밧,고유명사 음역/관습 표기 확인
Arad,7,yes,7,0,아랏,고유명사 음역/관습 표기 확인
Ar,7,yes,7,0,알,고유명사 음역/관습 표기 확인
apple-tree,7,no,0,7,사과나무,
anguish,7,no,0,7,고뇌/비탄,
angel,7,no,0,7,천사,
Ammiel,7,yes,7,0,암미엘,고유명사 음역/관습 표기 확인
almug wood,7,no,0,7,알굽 나무/알군목,
almond-like,7,no,0,7,아몬드 같은/아몬드 모양,
almond tree,7,no,0,7,아몬드나무,
Ahio,7,yes,7,0,아히오,고유명사 음역/관습 표기 확인
Ahiezer,7,yes,7,0,아히에셀,고유명사 음역/관습 표기 확인
aged,7,no,0,7,노년의/늙은,
act of violence,7,no,0,7,폭행/강포,
Achan,7,yes,7,0,아간,고유명사 음역/관습 표기 확인
<valley>,7,yes,7,0,<골짜기>,고유명사 음역/관습 표기 확인
<Egypt>,7,yes,7,0,<이집트>,고유명사 음역/관습 표기 확인
<animal>,7,no,0,7,짐승,
Zurishaddai,6,yes,6,0,수리삿대,고유명사 음역/관습 표기 확인
Zur,6,yes,6,0,술,고유명사 음역/관습 표기 확인
Zuar,6,yes,6,0,수알,고유명사 음역/관습 표기 확인
Zohar,6,yes,6,0,소할,고유명사 음역/관습 표기 확인
Zerahiah,6,yes,6,0,스랴히야,고유명사 음역/관습 표기 확인
Zeboiim,6,yes,6,0,스보임,고유명사 음역/관습 표기 확인
yesterday evening,6,no,0,6,어젯저녁,
worn out,6,no,0,6,닳아빠진/지친,
will,6,no,0,6,의지/유언,
whispering,6,no,0,6,속삭임/속삭거리다,
wet,6,no,0,6,젖은/축축한,
weariness,6,no,0,6,피곤/권태,
washing,6,no,0,6,씻음/세정,
vinedresser,6,no,0,6,포도원지기,
Uzzah,6,yes,6,0,웃사,고유명사 음역/관습 표기 확인
Upper Egypt,6,yes,6,0,상 이집트,고유명사 음역/관습 표기 확인
underneath,6,no,0,6,아래쪽/밑에,
Tyrian,6,no,0,6,두로 사람/두로의,
twinkle,6,no,0,6,반짝이다,
turn left,6,no,0,6,왼쪽으로 돌다,
tummim,6,no,0,6,둠밈,
tree-top,6,no,0,6,나무 꼭대기,
treasury,6,no,0,6,국고/보고,
Tou,6,yes,6,0,도우,고유명사 음역/관습 표기 확인
tin,6,no,0,6,주석,
thickness,6,no,0,6,두께/빽빽함,
temple,6,no,0,6,성전/관자놀이(문맥),
Tema,6,yes,6,0,데마,고유명사 음역/관습 표기 확인
Talmon,6,yes,6,0,달몬,고유명사 음역/관습 표기 확인
swell,6,no,0,6,부풀다/부어오르다,
surface,6,no,0,6,표면/겉,
standing,6,no,0,6,서 있음/입장,
spit,6,no,0,6,침 뱉다,
spark,6,no,0,6,불꽃/불똥,
sole?,6,no,0,6,발바닥?(불확실),
snuffer,6,no,0,6,불집게,
snake,6,no,0,6,뱀,
sickle,6,no,0,6,낫,
Sibmah,6,yes,6,0,십마,고유명사 음역/관습 표기 확인
Shuhite,6,no,0,6,수아 사람,
Shua,6,yes,6,0,수아,고유명사 음역/관습 표기 확인
shrivel,6,no,0,6,쪼그라들다,
short,6,no,0,6,짧은,
shoots,6,no,0,6,싹들/새순,
Shittim,6,yes,6,0,싯딤,고유명사 음역/관습 표기 확인
Shimeah,6,yes,6,0,시므아,고유명사 음역/관습 표기 확인
Shimea,6,yes,6,0,시메아,고유명사 음역/관습 표기 확인
Sheshbazzar,6,yes,6,0,스스바살,고유명사 음역/관습 표기 확인
Sheshan,6,yes,6,0,세산,고유명사 음역/관습 표기 확인
Shemariah,6,yes,6,0,스마랴,고유명사 음역/관습 표기 확인
Shelumiel,6,yes,6,0,스루미엘,고유명사 음역/관습 표기 확인
shelter,6,no,0,6,피난처/은신처,
Shedeur,6,yes,6,0,스르디엘,고유명사 음역/관습 표기 확인
sheaf,6,no,0,6,단/곡식단,
she-gazelle,6,no,0,6,암영양,
Shammua,6,yes,6,0,삼무아,고유명사 음역/관습 표기 확인
Shamir,6,yes,6,0,사미르,고유명사 음역/관습 표기 확인
set border,6,no,0,6,경계를 정하다,
set aside,6,no,0,6,따로 떼어놓다/무효로 하다,
Serug,6,yes,6,0,스룩,고유명사 음역/관습 표기 확인
seize at heel,6,no,0,6,발꿈치를 붙잡다,
sailor,6,no,0,6,선원,
rust,6,no,0,6,녹/녹슬다,
reward,6,no,0,6,상/보상,
reviling word,6,no,0,6,모욕의 말,
Reu,6,yes,6,0,르우,고유명사 음역/관습 표기 확인
Rephidim,6,yes,6,0,르비딤,고유명사 음역/관습 표기 확인
Rephaiah,6,yes,6,0,르파야,고유명사 음역/관습 표기 확인
remitting,6,no,0,6,탕감/감면,
reliable,6,no,0,6,신뢰할 만한,
region,6,no,0,6,지역/지방,
reeling,6,no,0,6,비틀거림/비틀거리다,
recount,6,no,0,6,상세히 말하다/되풀이하여 말하다,
Rameses,6,yes,6,0,라메셋,고유명사 음역/관습 표기 확인
raisin cake,6,no,0,6,건포도 떡,
Rahab,6,yes,6,0,라합,고유명사 음역/관습 표기 확인
Raamah,6,yes,6,0,르아마,고유명사 음역/관습 표기 확인
queen of heaven,6,no,0,6,하늘의 여왕,
qiqayon,6,no,0,6,기계눈/리시누(요나의 박넝쿨 추정),
put in chains,6,no,0,6,사슬로 묶다,
push back,6,no,0,6,밀쳐내다/뒤로 밀다,
prudence,6,no,0,6,신중/지혜,
proportion,6,no,0,6,비율/비례,
prophecy,6,no,0,6,예언,
posterior,6,no,0,6,뒤쪽/후부,
poplar,6,no,0,6,포플러,
pluck off,6,no,0,6,뜯어내다/잡아뜯다,
plating,6,no,0,6,도금/판금,
Pirathonite,6,no,0,6,비라돈 사람,
Pi Hahiroth,6,yes,6,0,비하히롯,고유명사 음역/관습 표기 확인
Peor,6,yes,6,0,브올,고유명사 음역/관습 표기 확인
Pedahzur,6,yes,6,0,브다술,고유명사 음역/관습 표기 확인
Pallu,6,yes,6,0,발루,고유명사 음역/관습 표기 확인
Pagiel,6,yes,6,0,바기엘,고유명사 음역/관습 표기 확인
owl?,6,no,0,6,올빼미(불확실),
Ono,6,yes,6,0,오노,고유명사 음역/관습 표기 확인
Oholiab,6,yes,6,0,오홀리압,고유명사 음역/관습 표기 확인
Oholah,6,yes,6,0,오홀라,고유명사 음역/관습 표기 확인
Ocran,6,yes,6,0,오그란,고유명사 음역/관습 표기 확인
nurse,6,no,0,6,간호하다/유모,
Nimshi,6,yes,6,0,님시,고유명사 음역/관습 표기 확인
new-born,6,no,0,6,갓난/신생,
Nebaioth,6,yes,6,0,느바욧,고유명사 음역/관습 표기 확인
Nahath,6,yes,6,0,나핫,고유명사 음역/관습 표기 확인
Moza,6,yes,6,0,모사,고유명사 음역/관습 표기 확인
move,6,no,0,6,움직이다/옮기다,
moustache,6,no,0,6,콧수염,
miscarriage,6,no,0,6,유산,
Meshelemiah,6,yes,6,0,메셀레먀,고유명사 음역/관습 표기 확인
melt away,6,no,0,6,사라지다/녹아 없어지다,
Medeba,6,yes,6,0,메드바,고유명사 음역/관습 표기 확인
Massah,6,yes,6,0,맛사,고유명사 음역/관습 표기 확인
Marah,6,yes,6,0,마라,고유명사 음역/관습 표기 확인
Malki-Shua,6,yes,6,0,말기스아,고유명사 음역/관습 표기 확인
make signs,6,no,0,6,신호하다/표시하다,
make nest,6,no,0,6,둥지를 틀다,
make bald,6,no,0,6,머리를 밀다/대머리로 만들다,
Mahlah,6,yes,6,0,말라,고유명사 음역/관습 표기 확인
Lud,6,yes,6,0,룻드,고유명사 음역/관습 표기 확인
living,6,no,0,6,살아 있는/생계,
Libni,6,yes,6,0,립니,고유명사 음역/관습 표기 확인
knead,6,no,0,6,반죽하다,
Kimham,6,yes,6,0,김함,고유명사 음역/관습 표기 확인
Kibroth Hattaavah,6,yes,6,0,기브롯하다아와,고유명사 음역/관습 표기 확인
Kenaanah,6,yes,6,0,그나아나,고유명사 음역/관습 표기 확인
Kedorlaomer,6,yes,6,0,그돌라오멜,고유명사 음역/관습 표기 확인
judgement,6,no,0,6,판결/심판,
Joiarib,6,yes,6,0,요야립,고유명사 음역/관습 표기 확인
Joiada,6,yes,6,0,요야다,고유명사 음역/관습 표기 확인
Jashub,6,yes,6,0,야숩,고유명사 음역/관습 표기 확인
Jaazaniah,6,yes,6,0,야아사냐,고유명사 음역/관습 표기 확인
Ithrite,6,no,0,6,이뜨리 사람,
Israelite,6,no,0,6,이스라엘 사람,
Ishi,6,yes,6,0,이시,고유명사 음역/관습 표기 확인
irritation,6,no,0,6,자극/짜증,
integrity,6,no,0,6,완전함/정직,
in Aramaic,6,no,0,6,아람어로,
Imnah,6,yes,6,0,임나,고유명사 음역/관습 표기 확인
idle talk,6,no,0,6,잡담/헛된 말,
Hushathite,6,no,0,6,후사 사람,
humility,6,no,0,6,겸손,
hour,6,no,0,6,시/시간,
horrible,6,no,0,6,끔찍한/무시무시한,
Hor Haggidgad,6,yes,6,0,홀하기갓,고유명사 음역/관습 표기 확인
Hophni,6,yes,6,0,홉니,고유명사 음역/관습 표기 확인
hold,6,no,0,6,붙잡다/지니다,
high official,6,no,0,6,고관,
Helon,6,yes,6,0,헬론,고유명사 음역/관습 표기 확인
Helez,6,yes,6,0,헬레스,고유명사 음역/관습 표기 확인
hedge,6,no,0,6,울타리,
Hazar Enan,6,yes,6,0,하살에난,고유명사 음역/관습 표기 확인
Hattush,6,yes,6,0,하뚜스,고유명사 음역/관습 표기 확인
Hasshub,6,yes,6,0,핫숩,고유명사 음역/관습 표기 확인
Hashum,6,yes,6,0,하숨,고유명사 음역/관습 표기 확인
Hammedatha,6,yes,6,0,하만다다,고유명사 음역/관습 표기 확인
half-shekel,6,no,0,6,반 세겔,
Hagrite,6,no,0,6,Hagrite 사람,
Haggith,6,yes,6,0,학깃,고유명사 음역/관습 표기 확인
grow poor,6,no,0,6,가난해지다,
griddle,6,no,0,6,번철,
great number,6,no,0,6,다수,
grandsons,6,no,0,6,손자들,
Gozan,6,yes,6,0,고산,고유명사 음역/관습 표기 확인
go to right,6,no,0,6,오른쪽으로 가다,
glow,6,no,0,6,빛나다,
Gideoni,6,yes,6,0,기드오니,고유명사 음역/관습 표기 확인
Geshem,6,yes,6,0,게셈,고유명사 음역/관습 표기 확인
gera,6,no,0,6,게라,
gentle,6,no,0,6,온화한,
gecko,6,no,0,6,도마뱀붙이,
gaze,6,no,0,6,응시하다,
Gamaliel,6,yes,6,0,가말리엘,고유명사 음역/관습 표기 확인
gallery,6,no,0,6,회랑,
Galilee,6,yes,6,0,갈릴리,고유명사 음역/관습 표기 확인
furrow,6,no,0,6,이랑/밭고랑,
fold double,6,no,0,6,겹쳐 접다,
foe,6,no,0,6,적,
fodder,6,no,0,6,사료,
flint,6,no,0,6,부싯돌,
fin,6,no,0,6,지느러미,
feet-place,6,no,0,6,발판,
fat tail,6,no,0,6,기름꼬리,
evildoer,6,no,0,6,악인,
Etam,6,yes,6,0,에담,고유명사 음역/관습 표기 확인
Ephrathite,6,no,0,6,Ephrathite 사람,
Ephrath,6,yes,6,0,에프랏,고유명사 음역/관습 표기 확인
enwrap,6,no,0,6,감싸다,
ensnare,6,no,0,6,올무에 걸다,
enmity,6,no,0,6,적의,
encompass,6,no,0,6,에워싸다,
Enan,6,yes,6,0,에난,고유명사 음역/관습 표기 확인
Elon,6,yes,6,0,엘론,고유명사 음역/관습 표기 확인
Elizur,6,yes,6,0,엘리술,고유명사 음역/관습 표기 확인
Elealeh,6,yes,6,0,엘르알레,고유명사 음역/관습 표기 확인
elder,6,no,0,6,장로,
duration of life,6,no,0,6,수명,
dregs,6,no,0,6,찌꺼기,
drawer,6,no,0,6,서랍,
drag,6,no,0,6,끌다,
double,6,no,0,6,두 배,
Dodo,6,yes,6,0,도도,고유명사 음역/관습 표기 확인
disquieting thoughts,6,no,0,6,불안한 생각들,
Dishan,6,yes,6,0,디산,고유명사 음역/관습 표기 확인
depths,6,no,0,6,깊은 곳들,
deposit,6,no,0,6,보증금,
defeat,6,no,0,6,패배,
deceitfulness,6,no,0,6,거짓됨,
Danite,6,no,0,6,Danite 사람,
crushed,6,no,0,6,짓눌린,
convulsion,6,no,0,6,경련,
claim interest,6,no,0,6,이자 청구,
ceasing,6,no,0,6,그침,
cause,6,no,0,6,원인,
casting,6,no,0,6,주조,
canal,6,no,0,6,수로,
burst forth,6,no,0,6,터져 나오다,
Bukki,6,yes,6,0,북기,고유명사 음역/관습 표기 확인
brother's widow,6,no,0,6,형제의 과부,
breaker,6,no,0,6,파괴자,
boasting,6,no,0,6,자랑,
Bildad,6,yes,6,0,빌닷,고유명사 음역/관습 표기 확인
bend,6,no,0,6,구부리다,
Beker,6,yes,6,0,베겔,고유명사 음역/관습 표기 확인
Beeroth,6,yes,6,0,브에롯,고유명사 음역/관습 표기 확인
become,6,no,0,6,되다,
"beaten, pure",6,no,0,6,두들긴/순수한,
beat off,6,no,0,6,물리치다/떼어내다,
bearer,6,no,0,6,운반자/들어 나르는 자,
be vain,6,no,0,6,헛되다,
be special,6,no,0,6,특별하다,
be separate,6,no,0,6,구별되다/분리되다,
be kindled,6,no,0,6,타오르다/붙다,
be fat,6,no,0,6,살찌다/기름지다,
be embittered,6,no,0,6,쓰라리다/원망하다,
be blind,6,no,0,6,눈멀다/보지 못하다,
be at ease,6,no,0,6,평안하다/안락하다,
bald,6,no,0,6,대머리/벗어진,
baka-shrub,6,no,0,6,박하/발삼나무류,
Bahurim,6,yes,6,0,바후림,고유명사 음역/관습 표기 확인
Baalath,6,yes,6,0,바알랏,고유명사 음역/관습 표기 확인
Baalah,6,yes,6,0,바알라,고유명사 음역/관습 표기 확인
Baal-Hanan,6,yes,6,0,바알하난,고유명사 음역/관습 표기 확인
Baal Meon,6,yes,6,0,바알므온,고유명사 음역/관습 표기 확인
Ater,6,yes,6,0,아델,고유명사 음역/관습 표기 확인
assiduous,6,no,0,6,근면한/부지런한,
array,6,no,0,6,배열/정렬,
Argob,6,yes,6,0,아르곱,고유명사 음역/관습 표기 확인
Arabs,6,yes,6,0,아랍 사람들,고유명사 음역/관습 표기 확인
appearance,6,no,0,6,모양/겉모습,
Anathothite,6,no,0,6,아나돗 사람,
Ammishaddai,6,yes,6,0,암미삿대,고유명사 음역/관습 표기 확인
Amasai,6,yes,6,0,아마새,고유명사 음역/관습 표기 확인
alloy,6,no,0,6,합금,
Alemeth,6,yes,6,0,알레멧,고유명사 음역/관습 표기 확인
alabaster,6,no,0,6,설화석고/알라바스터,
Ahohite,6,no,0,6,아호아 사람,
Ahira,6,yes,6,0,아히라,고유명사 음역/관습 표기 확인
Ahilud,6,yes,6,0,아히룻,고유명사 음역/관습 표기 확인
Agagite,6,no,0,6,아각 사람,
Adoniram,6,yes,6,0,아도니람,고유명사 음역/관습 표기 확인
Admah,6,yes,6,0,아드마,고유명사 음역/관습 표기 확인
Acsah,6,yes,6,0,악사,고유명사 음역/관습 표기 확인
Achor,6,yes,6,0,아골,고유명사 음역/관습 표기 확인
abode,6,no,0,6,거처/거주,
Abishua,6,yes,6,0,아비수아,고유명사 음역/관습 표기 확인
Abishag,6,yes,6,0,아비삭,고유명사 음역/관습 표기 확인
Abidan,6,yes,6,0,아비단,고유명사 음역/관습 표기 확인
Abarim,6,yes,6,0,아바림,고유명사 음역/관습 표기 확인
<part of Jerusalem>,6,yes,6,0,<예루살렘의 일부분>,고유명사 음역/관습 표기 확인
Zophar,5,yes,5,0,소발,고유명사 음역/관습 표기 확인
Ziza,5,yes,5,0,시사,고유명사 음역/관습 표기 확인
zither,5,no,0,5,치터/현악기,
Zeresh,5,yes,5,0,세레스,고유명사 음역/관습 표기 확인
Zered,5,yes,5,0,세렛,고유명사 음역/관습 표기 확인
Zattu,5,yes,5,0,삿두,고유명사 음역/관습 표기 확인
Zalmon,5,yes,5,0,살몬,고유명사 음역/관습 표기 확인
wrath,5,no,0,5,진노/분노,
whirl,5,no,0,5,빙글 돌다/회오리,
what is lost,5,no,0,5,잃어버린 것,
well-being,5,no,0,5,안녕/평안,
weaver's beam,5,no,0,5,베틀의 대들보/직조대 빔,
wax,5,no,0,5,밀랍/왁스/커지다,
wage,5,no,0,5,임금/품삯,
viper,5,no,0,5,독사,
Uriel,5,yes,5,0,우리엘,고유명사 음역/관습 표기 확인
unrestrained,5,no,0,5,제어되지 않은/방종한,
unclean meat,5,no,0,5,부정한 고기,
Ulam,5,yes,5,0,울람,고유명사 음역/관습 표기 확인
tyrant,5,no,0,5,폭군/전제군주,
turquoise,5,no,0,5,터키석,
turning point,5,no,0,5,전환점,
tuft,5,no,0,5,다발/숱,
truth,5,no,0,5,진리/진실,
trifle,5,no,0,5,시시한 것/하찮게 여기다,
treachery,5,no,0,5,배반/배신,
trample upon,5,no,0,5,짓밟다,
traffic,5,no,0,5,교통/거래,
Togarmah,5,yes,5,0,도갈마,고유명사 음역/관습 표기 확인
Tob,5,yes,5,0,돕,고유명사 음역/관습 표기 확인
tingle,5,no,0,5,따끔거리다/쑤시다,
thrust,5,no,0,5,밀다/찌르다,
thrive,5,no,0,5,번영하다/번성하다,
threshing instrument,5,no,0,5,타작 기구,
taunt,5,no,0,5,조롱하다/비웃다,
Tattenai,5,yes,5,0,닷드내,고유명사 음역/관습 표기 확인
tall,5,no,0,5,키 큰/높은,
sweetness,5,no,0,5,달콤함/감미,
sullen,5,no,0,5,뚱한/시무룩한,
suffer,5,no,0,5,고통받다/겪다,
subject,5,no,0,5,신하/주제/복속시키다,
street,5,no,0,5,거리/길거리,
storm against,5,no,0,5,몰아치다/공격하다,
stone-saw,5,no,0,5,석재 톱,
spice,5,no,0,5,향료/향신료,
spelt,5,no,0,5,스펠트 밀,
speak thoughtlessly,5,no,0,5,경솔하게 말하다,
sparkle,5,no,0,5,반짝이다,
sound spot,5,no,0,5,건전한 부위,
sort,5,no,0,5,종류/분류,
sling forth,5,no,0,5,던져 보내다,
slack,5,no,0,5,느슨한/게으른,
sixty,5,no,0,5,예순,
Simeonite,5,no,0,5,시므온 사람,
Sibbecai,5,yes,5,0,십브개,고유명사 음역/관습 표기 확인
Shuthelah,5,yes,5,0,수델라,고유명사 음역/관습 표기 확인
shuddering,5,no,0,5,전율/몸서리,
shrub,5,no,0,5,관목/덤불,
Shobab,5,yes,5,0,쇼밥,고유명사 음역/관습 표기 확인
Shimshai,5,yes,5,0,심새,고유명사 음역/관습 표기 확인
Shimri,5,yes,5,0,심리,고유명사 음역/관습 표기 확인
Shihor,5,yes,5,0,시홀,고유명사 음역/관습 표기 확인
Shethar-Bozenai,5,yes,5,0,스달보스내,고유명사 음역/관습 표기 확인
Shemiramoth,5,yes,5,0,스미라못,고유명사 음역/관습 표기 확인
Shemer,5,yes,5,0,세메르,고유명사 음역/관습 표기 확인
sharp,5,no,0,5,날카로운,
sew,5,no,0,5,꿰매다,
Senir,5,yes,5,0,스닐,고유명사 음역/관습 표기 확인
Seba,5,yes,5,0,스바,고유명사 음역/관습 표기 확인
season,5,no,0,5,계절/때,
Samlah,5,yes,5,0,삼라,고유명사 음역/관습 표기 확인
sambuca,5,no,0,5,삼부카(악기),
Salma,5,yes,5,0,살마,고유명사 음역/관습 표기 확인
Salecah,5,yes,5,0,살르가,고유명사 음역/관습 표기 확인
ruttish,5,no,0,5,발정한/색욕이 강한,
rock badger,5,no,0,5,바위너구리,
robbery,5,no,0,5,강탈/강도질,
Rizpah,5,yes,5,0,리스바,고유명사 음역/관습 표기 확인
rinse,5,no,0,5,헹구다,
redemption,5,no,0,5,속량/구속,
Recabite,5,no,0,5,레갑 사람,
Reaiah,5,yes,5,0,르아야,고유명사 음역/관습 표기 확인
quick,5,no,0,5,재빠른/신속한,
quail,5,no,0,5,메추라기,
pupil of eye,5,no,0,5,눈동자,
psaltery,5,no,0,5,비파,
pruning-knife,5,no,0,5,전지 칼/전정 칼,
prostrate,5,no,0,5,엎드리다,
propound a riddle,5,no,0,5,수수께끼를 내다,
presents,5,no,0,5,예물/선물들,
prepare,5,no,0,5,준비하다,
pounce,5,no,0,5,덮치다,
plummet,5,no,0,5,다림추,
plate,5,no,0,5,접시/판,
plantation,5,no,0,5,식재/심은 곳,
pipe,5,no,0,5,피리/관,
Pethahiah,5,yes,5,0,브다히야,고유명사 음역/관습 표기 확인
penis,5,no,0,5,남근,
Pelaiah,5,yes,5,0,블라야,고유명사 음역/관습 표기 확인
paw the ground,5,no,0,5,땅을 발굽으로 긁다,
pass by,5,no,0,5,지나가다,
Paseah,5,yes,5,0,바스에아,고유명사 음역/관습 표기 확인
papyrus,5,no,0,5,파피루스,
outermost,5,no,0,5,맨 바깥/극한,
Orion,5,no,0,5,오리온,
oppressed,5,no,0,5,압제받는/학대받는,
Onam,5,yes,5,0,오남,고유명사 음역/관습 표기 확인
of fourth generation,5,no,0,5,사대의/사대까지,
occur,5,no,0,5,일어나다/발생하다,
Oboth,5,yes,5,0,오봇,고유명사 음역/관습 표기 확인
oar,5,no,0,5,노,
noble,5,no,0,5,고귀한/귀한,
Nobah,5,yes,5,0,노바,고유명사 음역/관습 표기 확인
Nimrod,5,yes,5,0,니므롯,고유명사 음역/관습 표기 확인
Nepheg,5,yes,5,0,네벡,고유명사 음역/관습 표기 확인
Nekoda,5,yes,5,0,느고다,고유명사 음역/관습 표기 확인
negligence,5,no,0,5,태만/부주의,
Naamathite,5,no,0,5,나아마 사람,
muzzle,5,no,0,5,재갈,
music for strings,5,no,0,5,현악기 연주,
multiply,5,no,0,5,번성하다/늘리다,
most high,5,no,0,5,지극히 높으신,
Moladah,5,yes,5,0,몰라다,고유명사 음역/관습 표기 확인
mockery,5,no,0,5,조롱,
mixed wine,5,no,0,5,혼합 포도주,
Mishma,5,yes,5,0,미스마,고유명사 음역/관습 표기 확인
Mikloth,5,yes,5,0,미글롯,고유명사 음역/관습 표기 확인
Mijamin,5,yes,5,0,미야민,고유명사 음역/관습 표기 확인
Migdol,5,yes,5,0,믹돌,고유명사 음역/관습 표기 확인
Mica,5,yes,5,0,미가,고유명사 음역/관습 표기 확인
Meunite,5,no,0,5,므우닛 사람,
mesura,5,no,0,5,메수라,
Merib-Baal,5,yes,5,0,므립바알,고유명사 음역/관습 표기 확인
Mephaath,5,yes,5,0,메바앗,고유명사 음역/관습 표기 확인
memorandum,5,no,0,5,기념/메모,
melody,5,no,0,5,선율/노래,
mascara,5,no,0,5,눈화장/흑안료,
mariner,5,no,0,5,뱃사람/선원,
Manassite,5,no,0,5,므낫세 사람,
Manahath,5,yes,5,0,마나핫,고유명사 음역/관습 표기 확인
Malcam,5,yes,5,0,밀곰,고유명사 음역/관습 표기 확인
Mahlon,5,yes,5,0,말론,고유명사 음역/관습 표기 확인
Magog,5,yes,5,0,마곡,고유명사 음역/관습 표기 확인
low state,5,no,0,5,비천함/낮은 상태,
loose hair,5,no,0,5,풀어진 머리털,
looking,5,no,0,5,바라봄/모습,
Lod,5,yes,5,0,롯,고유명사 음역/관습 표기 확인
loan,5,no,0,5,대여/대출,
Lo Debar,5,yes,5,0,로드발,고유명사 음역/관습 표기 확인
limp,5,no,0,5,절뚝거리다,
lime,5,no,0,5,석회,
lift banner,5,no,0,5,기치를 들다/깃발을 들다,
Libyan,5,no,0,5,리비아 사람,
level,5,no,0,5,평평하게 하다/평지,
lentil,5,no,0,5,렌틸/팥,
Lehi,5,yes,5,0,레히,고유명사 음역/관습 표기 확인
leader,5,no,0,5,지도자,
lay upon,5,no,0,5,~위에 놓다/얹다,
kneading-trough,5,no,0,5,반죽 그릇/떡반죽 통,
Kiriath Sepher,5,yes,5,0,기럇세벨,고유명사 음역/관습 표기 확인
Kir,5,yes,5,0,길,고유명사 음역/관습 표기 확인
kinsman,5,no,0,5,친족,
kiln,5,no,0,5,가마/화덕,
Keturah,5,yes,5,0,그두라,고유명사 음역/관습 표기 확인
Kephirah,5,yes,5,0,그비라,고유명사 음역/관습 표기 확인
Kenizzite,5,no,0,5,그나스 사람,
Kedemoth,5,yes,5,0,케데못,고유명사 음역/관습 표기 확인
Joppa,5,yes,5,0,욥바,고유명사 음역/관습 표기 확인
Jokshan,5,yes,5,0,욕산,고유명사 음역/관습 표기 확인
Joiakim,5,yes,5,0,여야김,고유명사 음역/관습 표기 확인
Joahaz,5,yes,5,0,여아하스,고유명사 음역/관습 표기 확인
Jeshurun,5,yes,5,0,여수룬,고유명사 음역/관습 표기 확인
Jeshaiah,5,yes,5,0,여사야,고유명사 음역/관습 표기 확인
Jeriah,5,yes,5,0,여리아,고유명사 음역/관습 표기 확인
Jehudi,5,yes,5,0,여후디,고유명사 음역/관습 표기 확인
Jehozabad,5,yes,5,0,여호사밧,고유명사 음역/관습 표기 확인
Jehosheba,5,yes,5,0,여호세바,고유명사 음역/관습 표기 확인
Jebus,5,yes,5,0,여부스,고유명사 음역/관습 표기 확인
jaw-bones,5,no,0,5,턱뼈들,
Jattir,5,yes,5,0,얏딜,고유명사 음역/관습 표기 확인
Janoah,5,yes,5,0,야노아,고유명사 음역/관습 표기 확인
Jalam,5,yes,5,0,얄람,고유명사 음역/관습 표기 확인
Jabez,5,yes,5,0,야베스,고유명사 음역/관습 표기 확인
Izharite,5,no,0,5,이스할 사람,
Ishvi,5,yes,5,0,이스위,고유명사 음역/관습 표기 확인
inflammation,5,no,0,5,염증,
inauguration,5,no,0,5,봉헌/취임,
Imlah,5,yes,5,0,임라,고유명사 음역/관습 표기 확인
Husham,5,yes,5,0,후삼,고유명사 음역/관습 표기 확인
Horonaim,5,yes,5,0,호로나임,고유명사 음역/관습 표기 확인
horns,5,no,0,5,뿔들,
Horesh,5,yes,5,0,호레스,고유명사 음역/관습 표기 확인
honeycomb,5,no,0,5,벌집/꿀송이,
Hoglah,5,yes,5,0,호글라,고유명사 음역/관습 표기 확인
hit,5,no,0,5,치다,
Hinnom,5,yes,5,0,힌놈,고유명사 음역/관습 표기 확인
Henadad,5,yes,5,0,헤나닷,고유명사 음역/관습 표기 확인
Heldai,5,yes,5,0,헬대,고유명사 음역/관습 표기 확인
Hegai,5,yes,5,0,헤개,고유명사 음역/관습 표기 확인
head-gear,5,no,0,5,머리 장식,
Hazar Shual,5,yes,5,0,하살수알,고유명사 음역/관습 표기 확인
haughtiness,5,no,0,5,교만,
Hathach,5,yes,5,0,하닥,고유명사 음역/관습 표기 확인
Hararite,5,no,0,5,하랄 사람,
Hananel,5,yes,5,0,하나넬,고유명사 음역/관습 표기 확인
Hanamel,5,yes,5,0,하나멜,고유명사 음역/관습 표기 확인
Hadoram,5,yes,5,0,하도람,고유명사 음역/관습 표기 확인
Guni,5,yes,5,0,구니,고유명사 음역/관습 표기 확인
growth,5,no,0,5,성장/증가,
growing,5,no,0,5,자람/성장,
grow numb,5,no,0,5,저리다/무감각해지다,
grow hot,5,no,0,5,뜨거워지다,
Golan,5,yes,5,0,골란,고유명사 음역/관습 표기 확인
go away,5,no,0,5,떠나다,
Giddel,5,yes,5,0,깃델,고유명사 음역/관습 표기 확인
Gerizim,5,yes,5,0,그리심,고유명사 음역/관습 표기 확인
Gath Rimmon,5,yes,5,0,깃림몬,고유명사 음역/관습 표기 확인
garden bed,5,no,0,5,화단/밭고랑,
Gaash,5,yes,5,0,가아스,고유명사 음역/관습 표기 확인
fowler,5,no,0,5,새 사냥꾼,
fortified place,5,no,0,5,요새/견고한 성읍,
fog,5,no,0,5,안개,
fisher,5,no,0,5,어부,
fire-place,5,no,0,5,화덕/난로,
fire-arrow,5,no,0,5,불화살,
fetters,5,no,0,5,쇠사슬/족쇄,
fence,5,no,0,5,울타리,
fatten,5,no,0,5,살찌우다,
fatted calf,5,no,0,5,살진 송아지,
father-in-law,5,no,0,5,장인,
fashion,5,no,0,5,형태/모양,
extortion,5,no,0,5,착취/갈취,
excrement,5,no,0,5,배설물/대변,
Etham,5,yes,5,0,에담,고유명사 음역/관습 표기 확인
Epher,5,yes,5,0,에벨,고유명사 음역/관습 표기 확인
En Rogel,5,yes,5,0,엔로겔,고유명사 음역/관습 표기 확인
embalm,5,no,0,5,방부 처리하다,
Eliada,5,yes,5,0,엘리아다,고유명사 음역/관습 표기 확인
Elhanan,5,yes,5,0,엘하난,고유명사 음역/관습 표기 확인
early fig,5,no,0,5,이른 무화과,
driving,5,no,0,5,몰아감/운전,
drip,5,no,0,5,방울지다/뚝뚝 떨어지다,
drapery,5,no,0,5,휘장/장막천,
drag away,5,no,0,5,끌어가다,
drachmas,5,no,0,5,드라크마,
doubleness,5,no,0,5,이중성,
divorce,5,no,0,5,이혼/이혼하다,
disdain,5,no,0,5,경멸/업신여김,
Deuel,5,yes,5,0,드우엘,고유명사 음역/관습 표기 확인
dashing,5,no,0,5,질주/용맹함,
Cushan-Rishathaim,5,yes,5,0,구산 리사다임,고유명사 음역/관습 표기 확인
copulation,5,no,0,5,성교,
commit error,5,no,0,5,잘못을 저지르다,
coming,5,no,0,5,오는 것/오심,
clod,5,no,0,5,흙덩이,
clear,5,no,0,5,맑다/깨끗하다,
chrysolite,5,no,0,5,금황수정/황수정,
childless,5,no,0,5,자식이 없는/불임의,
cellar,5,no,0,5,지하 저장고/포도 저장고,
carving,5,no,0,5,조각/조각품,
cakes,5,no,0,5,과자들/떡들,
Buz,5,yes,5,0,부스,고유명사 음역/관습 표기 확인
Bunni,5,yes,5,0,분니,고유명사 음역/관습 표기 확인
bulwark-maker,5,no,0,5,성벽 제작자/보루 만드는 자,
branding,5,no,0,5,낙인찍기/표시,
birth,5,no,0,5,출생/출산,
Bilhan,5,yes,5,0,빌한,고유명사 음역/관습 표기 확인
Beth Zur,5,yes,5,0,벧술,고유명사 음역/관습 표기 확인
Beth Peor,5,yes,5,0,벧브올,고유명사 음역/관습 표기 확인
Beth Jeshimoth,5,yes,5,0,벧여시못,고유명사 음역/관습 표기 확인
bend down,5,no,0,5,구부리다/숙이다,
bee,5,no,0,5,벌,
be willing,5,no,0,5,기꺼이 하다,
be waste,5,no,0,5,황폐하다,
be sharp,5,no,0,5,날카롭다,
be impossible,5,no,0,5,불가능하다,
be hollow,5,no,0,5,오목하다,
be first-born,5,no,0,5,처음 태어나다/맏되다,
be familiar,5,no,0,5,익숙하다/친하다,
be dull,5,no,0,5,둔하다,
bareness,5,no,0,5,벌거벗음/나체,
banquet,5,no,0,5,연회,
bank,5,no,0,5,둑/제방,
bald spot,5,no,0,5,대머리 부분/벗어진 자리,
Bakbuk,5,yes,5,0,박북,고유명사 음역/관습 표기 확인
Baal Perazim,5,yes,5,0,바알브라심,고유명사 음역/관습 표기 확인
Azubah,5,yes,5,0,아수바,고유명사 음역/관습 표기 확인
Azgad,5,yes,5,0,아스갓,고유명사 음역/관습 표기 확인
Azazel,5,yes,5,0,아사셀,고유명사 음역/관습 표기 확인
Avvite,5,no,0,5,아윗 사람,
attentiveness,5,no,0,5,주의 깊음/경청,
Attai,5,yes,5,0,앗대,고유명사 음역/관습 표기 확인
Ataroth,5,yes,5,0,아다롯,고유명사 음역/관습 표기 확인
Ashan,5,yes,5,0,아산,고유명사 음역/관습 표기 확인
arbitrate,5,no,0,5,중재하다,
Ararat,5,yes,5,0,아라랏,고유명사 음역/관습 표기 확인
Arah,5,yes,5,0,아라,고유명사 음역/관습 표기 확인
Aner,5,yes,5,0,아넬,고유명사 음역/관습 표기 확인
also,5,no,0,5,또한/또,
aloe,5,no,0,5,알로에/침향,
Ahiman,5,yes,5,0,아히만,고유명사 음역/관습 표기 확인
adultery,5,no,0,5,간음,
Adin,5,yes,5,0,아딘,고유명사 음역/관습 표기 확인
Aczib,5,yes,5,0,악십,고유명사 음역/관습 표기 확인
act cunningly,5,no,0,5,간계 부리다/교활하게 행하다,
Abinoam,5,yes,5,0,아비노암,고유명사 음역/관습 표기 확인
Abdeel,5,yes,5,0,압디엘,고유명사 음역/관습 표기 확인
<valley of grapes>,5,yes,5,0,<포도골짜기>,고유명사 음역/관습 표기 확인
<place of refuge>,5,yes,5,0,<피난처>,고유명사 음역/관습 표기 확인
-lehemite,5,no,0,5,-레헴 사람(접미),
Zuph,4,yes,4,0,숩,고유명사 음역/관습 표기 확인
Zipporah,4,yes,4,0,십보라,고유명사 음역/관습 표기 확인
Ziphite,4,no,0,4,시프 사람,
Zimmah,4,yes,4,0,짐마,고유명사 음역/관습 표기 확인
Zillah,4,yes,4,0,실라,고유명사 음역/관습 표기 확인
Ziha,4,yes,4,0,시하,고유명사 음역/관습 표기 확인
Zephon,4,yes,4,0,세본,고유명사 음역/관습 표기 확인
Zebulunite,4,no,0,4,스불론 사람,
Zarethan,4,yes,4,0,사르단,고유명사 음역/관습 표기 확인
Zarephath,4,yes,4,0,사르밧,고유명사 음역/관습 표기 확인
Zaccai,4,yes,4,0,삭개,고유명사 음역/관습 표기 확인
writing-case,4,no,0,4,필통/서기관의 통,
wonder,4,no,0,4,경이/이상히 여기다,
willow,4,no,0,4,버드나무,
willingness,4,no,0,4,자원/기꺼이 함,
wild ass,4,no,0,4,들나귀,
what is valuable,4,no,0,4,귀한 것/귀중품,
wear out,4,no,0,4,닳아 없어지다/지치게 하다,
wear,4,no,0,4,입다/닳다,
watered,4,no,0,4,물댄/관개된,
water-skin,4,no,0,4,가죽부대,
Uzal,4,yes,4,0,우살,고유명사 음역/관습 표기 확인
unseemliness,4,no,0,4,부적절/추잡함,
Unni,4,yes,4,0,운니,고유명사 음역/관습 표기 확인
unintelligible,4,no,0,4,알아들을 수 없는,
ulcer,4,no,0,4,궤양,
turmoil,4,no,0,4,혼란/소동,
triumvir,4,no,0,4,삼두정의 일원,
tilled ground,4,no,0,4,갈아엎은 땅,
Tibni,4,yes,4,0,딥니,고유명사 음역/관습 표기 확인
throne,4,no,0,4,왕좌/보좌,
threshing-sledge,4,no,0,4,타작 썰매,
thirsty ground,4,no,0,4,메마른 땅,
thigh,4,no,0,4,넓적다리,
Thebez,4,yes,4,0,데베스,고유명사 음역/관습 표기 확인
tendril,4,no,0,4,덩굴손,
Telem,4,yes,4,0,텔렘,고유명사 음역/관습 표기 확인
Tebah,4,yes,4,0,드바,고유명사 음역/관습 표기 확인
tamarisk,4,no,0,4,에셀나무/타마리스크,
take handful,4,no,0,4,한 움큼 취하다,
take breath,4,no,0,4,숨을 고르다,
Tahpenes,4,yes,4,0,다바네스,고유명사 음역/관습 표기 확인
symphony,4,no,0,4,심포니/관현악,
swim,4,no,0,4,수영하다,
sweat,4,no,0,4,땀,
succeed,4,no,0,4,성공하다/뒤를 잇다,
substance,4,no,0,4,실체/물질/요지,
subjugation,4,no,0,4,복속/정복,
stuff,4,no,0,4,물건/물질,
striving,4,no,0,4,분투/다툼,
stretch,4,no,0,4,뻗다/펴다,
stranger,4,no,0,4,타국인/이방인,
storm-cloud,4,no,0,4,먹구름,
stench,4,no,0,4,악취,
stall,4,no,0,4,우리/마구간,
squeezing,4,no,0,4,짜냄/압착,
spring,4,no,0,4,샘/용수/봄,
spate,4,no,0,4,범람/급증,
something knobby,4,no,0,4,혹 같은 것,
snorting,4,no,0,4,훌쩍거림/코웃음,
snatch,4,no,0,4,확 잡아채다,
snare,4,no,0,4,올무/덫,
sluggishness,4,no,0,4,게으름/둔함,
slaughtered meat,4,no,0,4,도살된 고기,
sip,4,no,0,4,홀짝이다/조금 마시다,
silently,4,no,0,4,조용히/묵묵히,
signpost,4,no,0,4,표지말뚝/이정표,
Siddim,4,yes,4,0,싯딤,고유명사 음역/관습 표기 확인
Shuppim,4,yes,4,0,숩빔,고유명사 음역/관습 표기 확인
Shunem,4,yes,4,0,슬렘,고유명사 음역/관습 표기 확인
Shual,4,yes,4,0,수알,고유명사 음역/관습 표기 확인
Shomer,4,yes,4,0,쇼메르,고유명사 음역/관습 표기 확인
shipyard,4,no,0,4,조선소,
Sheshai,4,yes,4,0,세새,고유명사 음역/관습 표기 확인
Shemida,4,yes,4,0,스미다,고유명사 음역/관습 표기 확인
Shelomoth,4,yes,4,0,슬로못,고유명사 음역/관습 표기 확인
sheath,4,no,0,4,칼집/집,
she-mule,4,no,0,4,암노새,
shawl,4,no,0,4,숄/어깨걸이,
Sharezer,4,yes,4,0,사레셀,고유명사 음역/관습 표기 확인
Shabbethai,4,yes,4,0,삽베대,고유명사 음역/관습 표기 확인
Shaaraim,4,yes,4,0,스아라임,고유명사 음역/관습 표기 확인
setting,4,no,0,4,배경/설정,
servitude,4,no,0,4,노역/종살이,
Serah,4,yes,4,0,세라,고유명사 음역/관습 표기 확인
sending,4,no,0,4,보냄/파송,
Senaah,4,yes,4,0,스나아,고유명사 음역/관습 표기 확인
Sela,4,yes,4,0,셀라,고유명사 음역/관습 표기 확인
Segub,4,yes,4,0,세굽,고유명사 음역/관습 표기 확인
scroll,4,no,0,4,두루마리,
scrape out,4,no,0,4,긁어내다,
scrap,4,no,0,4,조각/파편,
Scorpion Pass,4,yes,4,0,전갈 고개,고유명사 음역/관습 표기 확인
scorn,4,no,0,4,경멸/업신여김,
scorch,4,no,0,4,그을리다/태우다,
scarlet worm,4,no,0,4,주홍 벌레/코친일 벌레,
salt country,4,no,0,4,소금 땅/염지,
Salmon,4,yes,4,0,살몬,고유명사 음역/관습 표기 확인
Sallai,4,yes,4,0,살래,고유명사 음역/관습 표기 확인
saddle-bag,4,no,0,4,안장자루,
Sabeans,4,yes,4,0,스바 사람들,고유명사 음역/관습 표기 확인
roam,4,no,0,4,배회하다/떠돌다,
Riphath,4,yes,4,0,립밧,고유명사 음역/관습 표기 확인
restraint,4,no,0,4,절제/억제,
rent,4,no,0,4,찢어짐/렌트,
Rehoboth,4,yes,4,0,르호봇,고유명사 음역/관습 표기 확인
red bird,4,no,0,4,붉은 새,
recompense,4,no,0,4,보상하다/갚다,
receive,4,no,0,4,받다/영접하다,
razor,4,no,0,4,면도칼,
rake together,4,no,0,4,긁어모으다,
qesitha,4,no,0,4,케시타(화폐/가치물),
put around neck,4,no,0,4,목에 걸다,
purple,4,no,0,4,자색/자주색,
purity,4,no,0,4,정결/순수,
Pul,4,yes,4,0,불,고유명사 음역/관습 표기 확인
prune,4,no,0,4,가지치기 하다,
proving,4,no,0,4,증명/시험,
progeny,4,no,0,4,후손/자손,
pride,4,no,0,4,교만/자부심,
pretext,4,no,0,4,구실/핑계,
pressure,4,no,0,4,압력/압박,
press hard,4,no,0,4,강하게 누르다/밀어붙이다,
pound,4,no,0,4,찧다/절구질하다,
Potiphera,4,yes,4,0,보디베라,고유명사 음역/관습 표기 확인
polish,4,no,0,4,광내다/닦다,
plumage,4,no,0,4,깃털/깃털옷,
pluck out,4,no,0,4,뽑아내다,
ploughing,4,no,0,4,밭갈이,
Pleiades,4,no,0,4,플레이아데스/묘성,
please,4,no,0,4,기쁘게 하다/마음에 들다,
plain,4,no,0,4,평지/평원,
pitch a tent,4,no,0,4,장막을 치다,
pitch,4,no,0,4,타르/송진/던지다,
Phicol,4,yes,4,0,비골,고유명사 음역/관습 표기 확인
perule,4,no,0,4,포엽/싹싹껍질,
Persian,4,no,0,4,페르시아인/페르시아의,
perfect,4,no,0,4,완전하다/완전한,
Peninnah,4,yes,4,0,브닌나,고유명사 음역/관습 표기 확인
Pekahiah,4,yes,4,0,베가히야,고유명사 음역/관습 표기 확인
pay,4,no,0,4,지불하다/품삯,
paste,4,no,0,4,반죽/풀,
park,4,no,0,4,공원/정원,
pant,4,no,0,4,헐떡이다,
pale-green,4,no,0,4,담녹색/창백한 녹색,
owlet,4,no,0,4,새끼 올빼미,
overpower,4,no,0,4,제압하다/압도하다,
outhouse,4,no,0,4,변소/외양간 부속실,
oppressor,4,no,0,4,압제자,
opponent,4,no,0,4,대적/상대,
open country,4,no,0,4,들판/들,
Omar,4,yes,4,0,오말,고유명사 음역/관습 표기 확인
ointment mixture,4,no,0,4,향유 혼합물,
offshoot,4,no,0,4,가지/분지/분파,
Oded,4,yes,4,0,오뎃,고유명사 음역/관습 표기 확인
obtain,4,no,0,4,얻다/취득하다,
nobles,4,no,0,4,귀인들/귀족들,
new corn,4,no,0,4,새 곡식/새 소출,
Nergal-Sharezer,4,yes,4,0,넬갈사레셀,고유명사 음역/관습 표기 확인
Nephussim,4,yes,4,0,느푸심,고유명사 음역/관습 표기 확인
Nemuel,4,yes,4,0,느무엘,고유명사 음역/관습 표기 확인
Nehelamite,4,no,0,4,느헬람 사람,
Neariah,4,yes,4,0,느아랴,고유명사 음역/관습 표기 확인
nard,4,no,0,4,나드,
Naphish,4,yes,4,0,나비스,고유명사 음역/관습 표기 확인
Naarah,4,yes,4,0,나아라,고유명사 음역/관습 표기 확인
mouth of womb,4,no,0,4,태의 입/자궁 입구,
mortar,4,no,0,4,절구/회반죽,
Moreh,4,yes,4,0,모레,고유명사 음역/관습 표기 확인
Moadiah,4,yes,4,0,모아댜,고유명사 음역/관습 표기 확인
Mizzah,4,yes,4,0,미사,고유명사 음역/관습 표기 확인
Mizpeh,4,yes,4,0,미스베,고유명사 음역/관습 표기 확인
Miniamin,4,yes,4,0,미니아민,고유명사 음역/관습 표기 확인
Milcom,4,yes,4,0,밀곰,고유명사 음역/관습 표기 확인
mighty tree,4,no,0,4,큰 나무/웅장한 나무,
Mibsam,4,yes,4,0,밉삼,고유명사 음역/관습 표기 확인
Meshezabel,4,yes,4,0,메세자벨,고유명사 음역/관습 표기 확인
Merodach-Baladan,4,yes,4,0,므로닥발라단,고유명사 음역/관습 표기 확인
Merab,4,yes,4,0,메랍,고유명사 음역/관습 표기 확인
Memucan,4,yes,4,0,므무간,고유명사 음역/관습 표기 확인
melting,4,no,0,4,용해/녹음,
Mehujael,4,yes,4,0,므후야엘,고유명사 음역/관습 표기 확인
Mehetabel,4,yes,4,0,메헤다벨,고유명사 음역/관습 표기 확인
Mattenai,4,yes,4,0,맛데나이,고유명사 음역/관습 표기 확인
Mattan,4,yes,4,0,맛단,고유명사 음역/관습 표기 확인
master,4,no,0,4,주인/스승,
mast,4,no,0,4,돛대/마스트,
mask,4,no,0,4,가면/마스크,
mash,4,no,0,4,으깨다/갈다,
marshland,4,no,0,4,늪지/습지,
marry,4,no,0,4,결혼하다,
mare,4,no,0,4,암말,
manger,4,no,0,4,구유,
mange,4,no,0,4,개선/피부병,
Malkiel,4,yes,4,0,말기엘,고유명사 음역/관습 표기 확인
make turbid,4,no,0,4,탁하게 하다,
make brick,4,no,0,4,벽돌을 굽다/만들다,
maid,4,no,0,4,소녀/하녀,
Mahath,4,yes,4,0,마핫,고유명사 음역/관습 표기 확인
Maharai,4,yes,4,0,마하래,고유명사 음역/관습 표기 확인
Madmannah,4,yes,4,0,맛만나,고유명사 음역/관습 표기 확인
Maaziah,4,yes,4,0,마아시야,고유명사 음역/관습 표기 확인
Ludites,4,yes,4,0,루딤 사람들,고유명사 음역/관습 표기 확인
loss of children,4,no,0,4,무자/자녀 상실,
Lo-Ruhamah,4,yes,4,0,로루하마,고유명사 음역/관습 표기 확인
lizard,4,no,0,4,도마뱀,
lioness,4,no,0,4,암사자,
lintel,4,no,0,4,인방/문인방,
leap,4,no,0,4,뛰다/껑충 뛰다,
languish,4,no,0,4,쇠약해지다/수척해지다,
Kore,4,yes,4,0,고레,고유명사 음역/관습 표기 확인
knot,4,no,0,4,매듭,
knock down,4,no,0,4,때려눕히다/넘어뜨리다,
Kilion,4,yes,4,0,기룐,고유명사 음역/관습 표기 확인
kidney-fat,4,no,0,4,콩팥기름/내장기름,
key,4,no,0,4,열쇠,
Kerioth,4,yes,4,0,그리욧,고유명사 음역/관습 표기 확인
Kemuel,4,yes,4,0,그무엘,고유명사 음역/관습 표기 확인
Kelita,4,yes,4,0,크에르이트아,고유명사 음역/관습 표기 확인; 자동 음역
Kanah,4,yes,4,0,가나,고유명사 음역/관습 표기 확인
Kabzeel,4,yes,4,0,갑스엘,고유명사 음역/관습 표기 확인
Jotbathah,4,yes,4,0,욧바다,고유명사 음역/관습 표기 확인
Jokneam,4,yes,4,0,욕느암,고유명사 음역/관습 표기 확인
Jezreel,4,yes,4,0,이스르엘,고유명사 음역/관습 표기 확인
Jezer,4,yes,4,0,예셀,고유명사 음역/관습 표기 확인
Jezaniah,4,yes,4,0,여사냐,고유명사 음역/관습 표기 확인
Jetur,4,yes,4,0,여투르,고유명사 음역/관습 표기 확인
Jekamiah,4,yes,4,0,예크아므이아하,고유명사 음역/관습 표기 확인; 자동 음역
Jehucal,4,yes,4,0,여후갈,고유명사 음역/관습 표기 확인
Jashobeam,4,yes,4,0,야소브암,고유명사 음역/관습 표기 확인
Jarib,4,yes,4,0,야립,고유명사 음역/관습 표기 확인
Japhlet,4,yes,4,0,야플렛,고유명사 음역/관습 표기 확인
jade,4,no,0,4,비취/옥,
Jaddua,4,yes,4,0,야두아,고유명사 음역/관습 표기 확인
Izrahiah,4,yes,4,0,이스르히야,고유명사 음역/관습 표기 확인
Ivvah,4,yes,4,0,이와,고유명사 음역/관습 표기 확인
Ithran,4,yes,4,0,이트란,고유명사 음역/관습 표기 확인
Ithiel,4,yes,4,0,이디엘,고유명사 음역/관습 표기 확인
islander,4,no,0,4,섬사람,
Ishmaiah,4,yes,4,0,이스마야,고유명사 음역/관습 표기 확인
intend,4,no,0,4,의도하다,
impulse,4,no,0,4,충동/자극,
ill,4,no,0,4,아픈/병든,
Ikkesh,4,yes,4,0,잇게스,고유명사 음역/관습 표기 확인
Ijon,4,yes,4,0,이욘,고유명사 음역/관습 표기 확인
Igal,4,yes,4,0,이갈,고유명사 음역/관습 표기 확인
idol priest,4,no,0,4,우상 제사장,
ice-crystal,4,no,0,4,얼음 결정,
Ibleam,4,yes,4,0,이블르암,고유명사 음역/관습 표기 확인
Ibhar,4,yes,4,0,이브하아르,고유명사 음역/관습 표기 확인; 자동 음역
Huram,4,yes,4,0,후람,고유명사 음역/관습 표기 확인
Huppim,4,yes,4,0,훕빔,고유명사 음역/관습 표기 확인
Hoshaiah,4,yes,4,0,호사야,고유명사 음역/관습 표기 확인
Horonite,4,no,0,4,호로나임 사람,
Hori,4,yes,4,0,하오르이,고유명사 음역/관습 표기 확인; 자동 음역
homelessness,4,no,0,4,무숙/노숙,
Homam,4,yes,4,0,하오므아므,고유명사 음역/관습 표기 확인; 자동 음역
Holon,4,yes,4,0,홀론,고유명사 음역/관습 표기 확인
hoar frost,4,no,0,4,서리/백서리,
hitherto,4,no,0,4,지금까지/이때까지,
hidden treasures,4,no,0,4,감추어진 보물,
Hezro,4,yes,4,0,헤스로,고유명사 음역/관습 표기 확인
herbs,4,no,0,4,약초/채소,
Hepher,4,yes,4,0,헤벨,고유명사 음역/관습 표기 확인
henna,4,no,0,4,헤나/헨나,
Hena,4,yes,4,0,헤나,고유명사 음역/관습 표기 확인
Hemdan,4,yes,4,0,하에므드아느,고유명사 음역/관습 표기 확인; 자동 음역
Heled,4,yes,4,0,헬렛,고유명사 음역/관습 표기 확인
hedgehog,4,no,0,4,고슴도치,
hearth,4,no,0,4,화덕/아궁이,
harpoon,4,no,0,4,작살,
Harosheth Haggoyim,4,yes,4,0,하아르오슈에스 하아그그오이이므,고유명사 음역/관습 표기 확인; 자동 음역
Harbona,4,yes,4,0,하아르브오느아,고유명사 음역/관습 표기 확인; 자동 음역
Hamutal,4,yes,4,0,하아므우트아르,고유명사 음역/관습 표기 확인; 자동 음역
Hamul,4,yes,4,0,하아므우르,고유명사 음역/관습 표기 확인; 자동 음역
Hammath,4,yes,4,0,하아므므아스,고유명사 음역/관습 표기 확인; 자동 음역
Halah,4,yes,4,0,하아르아하,고유명사 음역/관습 표기 확인; 자동 음역
Hakilah,4,yes,4,0,하아크이르아하,고유명사 음역/관습 표기 확인; 자동 음역
hairy,4,no,0,4,털 많은,
Hadid,4,yes,4,0,하아드이드,고유명사 음역/관습 표기 확인; 자동 음역
Habor,4,yes,4,0,하아브오르,고유명사 음역/관습 표기 확인; 자동 음역
gully,4,no,0,4,작은 협곡/도랑,
grinder,4,no,0,4,맷돌질하는 자/연마기,
Goyim,4,yes,4,0,그오이이므,고유명사 음역/관습 표기 확인; 자동 음역
gourd-ornament,4,no,0,4,박 장식,
glue,4,no,0,4,접착제/붙이다,
glide away,4,no,0,4,미끄러지다/스쳐지나가다,
gleaming,4,no,0,4,번쩍이는/빛나는,
giants,4,no,0,4,거인들,
Gatam,4,yes,4,0,그아트아므,고유명사 음역/관습 표기 확인; 자동 음역
Gareb,4,yes,4,0,그아르에브,고유명사 음역/관습 표기 확인; 자동 음역
Galal,4,yes,4,0,그아르아르,고유명사 음역/관습 표기 확인; 자동 음역
full produce,4,no,0,4,풍성한 소출,
frightful,4,no,0,4,무시무시한/끔찍한,
fragment,4,no,0,4,조각/파편,
forgiveness,4,no,0,4,용서/사함,
fleeing,4,no,0,4,도망치는/도피,
flask,4,no,0,4,플라스크/병,
fixed place,4,no,0,4,정한 곳/고정된 장소,
fish-hook,4,no,0,4,낚시바늘,
feast,4,no,0,4,절기/잔치,
father's sister,4,no,0,4,고모,
far,4,no,0,4,멀다/먼,
falter,4,no,0,4,비틀거리다/흔들리다,
falcon,4,no,0,4,매,
Ezrahite,4,no,0,4,에스라 사람,
Ezem,4,yes,4,0,에즈에므,고유명사 음역/관습 표기 확인; 자동 음역
Ezekiel,4,yes,4,0,에스겔,고유명사 음역/관습 표기 확인
exterminate,4,no,0,4,진멸하다/전멸시키다,
expel,4,no,0,4,쫓아내다,
"evil deed, pain",4,no,0,4,악행/고통,
Esarhaddon,4,yes,4,0,에살핫돈,고유명사 음역/관습 표기 확인
enjoy,4,no,0,4,즐기다,
Endor,4,yes,4,0,엔돌,고유명사 음역/관습 표기 확인
En Rimmon,4,yes,4,0,엔림몬,고유명사 음역/관습 표기 확인
En Gannim,4,yes,4,0,엔간님,고유명사 음역/관습 표기 확인
Emite,4,no,0,4,Emite 사람,
emaciation,4,no,0,4,수척해짐,
Elpaal,4,yes,4,0,에르프아아르,고유명사 음역/관습 표기 확인; 자동 음역
Elishah,4,yes,4,0,에르이슈아하,고유명사 음역/관습 표기 확인; 자동 음역
Eliathah,4,yes,4,0,에르이아스아하,고유명사 음역/관습 표기 확인; 자동 음역
Ebiasaph,4,yes,4,0,에브이아스아프,고유명사 음역/관습 표기 확인; 자동 음역
Ebenezer,4,yes,4,0,에벤에셀,고유명사 음역/관습 표기 확인
dunghill,4,no,0,4,거름더미,
dungeon,4,no,0,4,감옥,
dung-cake,4,no,0,4,분덩이,
Dumah,4,yes,4,0,두마,고유명사 음역/관습 표기 확인
dry up,4,no,0,4,마르다,
drunkenness,4,no,0,4,취함,
drops,4,no,0,4,방울들,
Dothan,4,yes,4,0,도단,고유명사 음역/관습 표기 확인
dishearten,4,no,0,4,낙담시키다,
disaster,4,no,0,4,재앙,
diamond,4,no,0,4,다이아몬드,
desolate,4,no,0,4,황폐한,
depression,4,no,0,4,우울,
deform,4,no,0,4,변형시키다,
decree,4,no,0,4,법령,
debt,4,no,0,4,빚,
Darda,4,yes,4,0,드아르드아,고유명사 음역/관습 표기 확인; 자동 음역
Daberath,4,yes,4,0,드아브에르아스,고유명사 음역/관습 표기 확인; 자동 음역
cumin,4,no,0,4,소회향,
crushing,4,no,0,4,짓눌림,
crumbs,4,no,0,4,부스러기,
crouch,4,no,0,4,웅크리다,
cross-bar,4,no,0,4,가로장,
craftsman,4,no,0,4,장인,
cords,4,no,0,4,끈들,
cookie?,4,no,0,4,과자,
constraint,4,no,0,4,제약,
consider,4,no,0,4,고려하다,
condense,4,no,0,4,응축하다,
Conaniah,4,yes,4,0,크오느아느이아하,고유명사 음역/관습 표기 확인; 자동 음역
coal,4,no,0,4,숯,
club,4,no,0,4,몽둥이,
"clinging, cleaving to",4,no,0,4,달라붙음/매달림,
clap one's hand,4,no,0,4,손뼉을 치다,
clap,4,no,0,4,손뼉치다,
cinnamon,4,no,0,4,계피,
chickling,4,no,0,4,작물(치클링),
charioteer,4,no,0,4,병거 모는 자,
charcoal,4,no,0,4,숯덩이,
catch sight,4,no,0,4,발견하다,
cast lot,4,no,0,4,제비 뽑다,
carmine,4,no,0,4,진홍색,
Carchemish,4,yes,4,0,갈그미스,고유명사 음역/관습 표기 확인
Caphtorite,4,no,0,4,Caphtorite 사람,
Caphtor,4,yes,4,0,갑돌,고유명사 음역/관습 표기 확인
camp circle,4,no,0,4,진영 둘레,
calmness,4,no,0,4,평온,
calm,4,no,0,4,고요한,
burst out,4,no,0,4,터져 나오다,
bristling,4,no,0,4,뻣뻣하게 선,
bride price,4,no,0,4,신부값,
brazier,4,no,0,4,화로,
bottle,4,no,0,4,병,
bosom,4,no,0,4,품/가슴,
bond,4,no,0,4,결박/속박,
black cumin,4,no,0,4,흑회향,
black bird,4,no,0,4,검은 새,
bitumen,4,no,0,4,역청,
Bilgah,4,yes,4,0,브이르그아하,고유명사 음역/관습 표기 확인; 자동 음역
Bezek,4,yes,4,0,베섹,고유명사 음역/관습 표기 확인
Bezai,4,yes,4,0,브새,고유명사 음역/관습 표기 확인
Beth Marcaboth,4,yes,4,0,브에스 므아르크아브오스,고유명사 음역/관습 표기 확인; 자동 음역
Beth Hoglah,4,yes,4,0,브에스 하오그르아하,고유명사 음역/관습 표기 확인; 자동 음역
Beth Arabah,4,yes,4,0,벧아라바,고유명사 음역/관습 표기 확인
Beth Anath,4,yes,4,0,벧아낫,고유명사 음역/관습 표기 확인
Besor,4,yes,4,0,브솔,고유명사 음역/관습 표기 확인
Bered,4,yes,4,0,베렛,고유명사 음역/관습 표기 확인
Bel,4,yes,4,0,벨,고유명사 음역/관습 표기 확인
Beer Lahai Roi,4,yes,4,0,브엘라해로이,고유명사 음역/관습 표기 확인
become evening,4,no,0,4,저물다,
be worried,4,no,0,4,염려하다,
be thick,4,no,0,4,두껍다,
be straight,4,no,0,4,곧다,
be steady,4,no,0,4,견고하다,
be powerful,4,no,0,4,강하다,
be off,4,no,0,4,떠나 있다,
be narrow,4,no,0,4,좁다,
be lovely,4,no,0,4,사랑스럽다,
be loathsome,4,no,0,4,가증스럽다,
be finished,4,no,0,4,끝나다/완료되다,
be equipped,4,no,0,4,장비를 갖추다,
be cool,4,no,0,4,시원하다/침착하다,
be calm,4,no,0,4,차분하다/고요하다,
be alone,4,no,0,4,혼자 있다,
bat,4,no,0,4,박쥐,
balcony,4,no,0,4,발코니/난간,
Bakbukiah,4,yes,4,0,박부기야,고유명사 음역/관습 표기 확인
backsliding,4,no,0,4,배교/타락,
Baana,4,yes,4,0,바아나,고유명사 음역/관습 표기 확인
Baal Zephon,4,yes,4,0,바알스본,고유명사 음역/관습 표기 확인
Baal Gad,4,yes,4,0,바알갓,고유명사 음역/관습 표기 확인
Baal,4,yes,4,0,바알,고유명사 음역/관습 표기 확인
Azzur,4,yes,4,0,아즈즈우르,고유명사 음역/관습 표기 확인; 자동 음역
Azriel,4,yes,4,0,아즈르이에르,고유명사 음역/관습 표기 확인; 자동 음역
Azmon,4,yes,4,0,아스몬,고유명사 음역/관습 표기 확인
Azaziah,4,yes,4,0,아사지야,고유명사 음역/관습 표기 확인
attestation,4,no,0,4,증언/증명,
Astarte,4,yes,4,0,아스다롯,고유명사 음역/관습 표기 확인
Asriel,4,yes,4,0,아스르이에르,고유명사 음역/관습 표기 확인; 자동 음역
Ashkenaz,4,yes,4,0,아슈크에느아즈,고유명사 음역/관습 표기 확인; 자동 음역
Ashbel,4,yes,4,0,아슈브에르,고유명사 음역/관습 표기 확인; 자동 음역
Asenath,4,yes,4,0,아스낫,고유명사 음역/관습 표기 확인
arrogance,4,no,0,4,오만/교만,
Arodi,4,yes,4,0,아르오드이,고유명사 음역/관습 표기 확인; 자동 음역
armpit,4,no,0,4,겨드랑이,
Ariel,4,yes,4,0,아리엘,고유명사 음역/관습 표기 확인
appendage,4,no,0,4,부속물/부속 기관,
Ananiah,4,yes,4,0,아느아느이아하,고유명사 음역/관습 표기 확인; 자동 음역
Alvan,4,yes,4,0,아르브아느,고유명사 음역/관습 표기 확인; 자동 음역
alienation,4,no,0,4,소외/소원,
Ain,4,yes,4,0,아이느,고유명사 음역/관습 표기 확인; 자동 음역
Ahisamach,4,yes,4,0,아히사막,고유명사 음역/관습 표기 확인
Ahihud,4,yes,4,0,아하이하우드,고유명사 음역/관습 표기 확인; 자동 음역
Ahava,4,yes,4,0,아하와,고유명사 음역/관습 표기 확인
Adullamite,4,no,0,4,아둘람 사람,
Adonikam,4,yes,4,0,아도니감,고유명사 음역/관습 표기 확인
Adoni-Bezek,4,yes,4,0,아도니베섹,고유명사 음역/관습 표기 확인
Adnah,4,yes,4,0,아드느아하,고유명사 음역/관습 표기 확인; 자동 음역
Adiel,4,yes,4,0,아드이에르,고유명사 음역/관습 표기 확인; 자동 음역
Addon,4,yes,4,0,아드드오느,고유명사 음역/관습 표기 확인; 자동 음역
Adamah,4,yes,4,0,아드아므아하,고유명사 음역/관습 표기 확인; 자동 음역
act of sending,4,no,0,4,보냄/파송,
Acshaph,4,yes,4,0,아크슈아프,고유명사 음역/관습 표기 확인; 자동 음역
Abiel,4,yes,4,0,아비엘,고유명사 음역/관습 표기 확인
Abel Meholah,4,yes,4,0,아벨므홀라,고유명사 음역/관습 표기 확인
Abdi,4,yes,4,0,압디,고유명사 음역/관습 표기 확인
<ornament>,4,no,0,4,장식,
<kind of metal>,4,no,0,4,금속의 한 종류,
<Heliopolis>,4,yes,4,0,하에르이오프오르이스,고유명사 음역/관습 표기 확인; 자동 음역
-ezrite,4,no,0,4,-에스라이트/족명 접미,
Zorathite,3,no,0,3,소라 사람,
Zophah,3,yes,3,0,즈오프아하,고유명사 음역/관습 표기 확인; 자동 음역
Zimran,3,yes,3,0,즈이므르아느,고유명사 음역/관습 표기 확인; 자동 음역
Zillethai,3,yes,3,0,즈이르르에스아이,고유명사 음역/관습 표기 확인; 자동 음역
Zibiah,3,yes,3,0,즈이브이아하,고유명사 음역/관습 표기 확인; 자동 음역
Zetham,3,yes,3,0,즈에스아므,고유명사 음역/관습 표기 확인; 자동 음역
Zeredah,3,yes,3,0,즈에르에드아하,고유명사 음역/관습 표기 확인; 자동 음역
Zepho,3,yes,3,0,즈에프오,고유명사 음역/관습 표기 확인; 자동 음역
Zemarite,3,no,0,3,세마르 사람,
Zelek,3,yes,3,0,즈에르에크,고유명사 음역/관습 표기 확인; 자동 음역
Zela,3,yes,3,0,즈에르아,고유명사 음역/관습 표기 확인; 자동 음역
Zedad,3,yes,3,0,즈에드아드,고유명사 음역/관습 표기 확인; 자동 음역
Zeboim,3,yes,3,0,즈에브오이므,고유명사 음역/관습 표기 확인; 자동 음역
Zaphon,3,yes,3,0,즈아프오느,고유명사 음역/관습 표기 확인; 자동 음역
Zalmonah,3,yes,3,0,즈아르므오느아하,고유명사 음역/관습 표기 확인; 자동 음역
Zabdiel,3,yes,3,0,즈아브드이에르,고유명사 음역/관습 표기 확인; 자동 음역
Zaavan,3,yes,3,0,즈아아브아느,고유명사 음역/관습 표기 확인; 자동 음역
Zaanannim,3,yes,3,0,즈아아느아느느이므,고유명사 음역/관습 표기 확인; 자동 음역
young of birds,3,no,0,3,새끼 새들,
wrestle,3,no,0,3,씨름하다,
windows,3,no,0,3,창문들,
wild sheep,3,no,0,3,야생 양,
whirl of spindle,3,no,0,3,물레의 회전,
what is stolen,3,no,0,3,도둑질한 것,
weaver's bobbin,3,no,0,3,베틀 북/보빈,
waterless country,3,no,0,3,건조한 땅/불모지,
watering trough,3,no,0,3,구유/물통,
water-tunnel,3,no,0,3,수로 터널/수갱,
water-ditch,3,no,0,3,수로/도랑,
watching-place,3,no,0,3,초소/망보는 곳,
waste away,3,no,0,3,수척해지다/쇠약해지다,
warp-threads,3,no,0,3,날실,
wagon,3,no,0,3,수레/마차,
vigour,3,no,0,3,활력/기력,
vigil,3,no,0,3,철야/밤샘 경계,
venue,3,no,0,3,장소/개최지,
veils,3,no,0,3,베일들/가리개,
vegetation,3,no,0,3,초목/식생,
Uzzielite,3,no,0,3,웃시엘 사람,
Uthai,3,yes,3,0,우스아이,고유명사 음역/관습 표기 확인; 자동 음역
Uphaz,3,yes,3,0,우프아즈,고유명사 음역/관습 표기 확인; 자동 음역
union,3,no,0,3,결합/연합,
Ulai,3,yes,3,0,우르아이,고유명사 음역/관습 표기 확인; 자동 음역
turn away,3,no,0,3,돌이키다/외면하다,
Tubal-Cain,3,yes,3,0,트우브아르 크아이느,고유명사 음역/관습 표기 확인; 자동 음역
trustworthy arrangement,3,no,0,3,신뢰할 만한 약정,
trousers,3,no,0,3,바지,
treacherous,3,no,0,3,배반하는/불성실한,
tow,3,no,0,3,삼베 섬유/견인하다,
Tirhakah,3,yes,3,0,트이르하아크아하,고유명사 음역/관습 표기 확인; 자동 음역
Tiras,3,yes,3,0,트이르아스,고유명사 음역/관습 표기 확인; 자동 음역
Tiphsah,3,yes,3,0,트이프스아하,고유명사 음역/관습 표기 확인; 자동 음역
Timnath Serah,3,yes,3,0,트이므느아스 스에르아하,고유명사 음역/관습 표기 확인; 자동 음역
time of mourning,3,no,0,3,애곡 기간/상 기간,
till,3,no,0,3,갈다/경작하다,
Tikvah,3,yes,3,0,트이크브아하,고유명사 음역/관습 표기 확인; 자동 음역
Tigris,3,yes,3,0,트이그르이스,고유명사 음역/관습 표기 확인; 자동 음역
Tidal,3,yes,3,0,트이드아르,고유명사 음역/관습 표기 확인; 자동 음역
thistles,3,no,0,3,엉겅퀴들,
thirty,3,no,0,3,서른,
the Valley of Salt,3,yes,3,0,스에 브아르르에이 오프 스아르트,고유명사 음역/관습 표기 확인; 자동 음역
the Pass of Adummim,3,yes,3,0,스에 프아스스 오프 아드우므므이므,고유명사 음역/관습 표기 확인; 자동 음역
the little one,3,no,0,3,작은 자/어린 자,
the Hundred,3,yes,3,0,스에 하우느드르에드,고유명사 음역/관습 표기 확인; 자동 음역
the great king,3,yes,3,0,스에 그르에아트 크이느그,고유명사 음역/관습 표기 확인; 자동 음역
textile,3,no,0,3,직물/섬유,
terror-filled,3,no,0,3,두려움으로 가득한,
Teresh,3,yes,3,0,트에르에슈,고유명사 음역/관습 표기 확인; 자동 음역
Temah,3,yes,3,0,트에므아하,고유명사 음역/관습 표기 확인; 자동 음역
Telassar,3,yes,3,0,트에르아스스아르,고유명사 음역/관습 표기 확인; 자동 음역
Tel Melah,3,yes,3,0,트에르 므에르아하,고유명사 음역/관습 표기 확인; 자동 음역
Tel Harsha,3,yes,3,0,트에르 하아르슈아,고유명사 음역/관습 표기 확인; 자동 음역
tassel,3,no,0,3,술장식/술,
Tanhumeth,3,yes,3,0,트아느하우므에스,고유명사 음역/관습 표기 확인; 자동 음역
tamarisk?,3,no,0,3,에셀나무?,
talk inconsiderately,3,no,0,3,경솔하게 말하다,
Tahan,3,yes,3,0,트아하아느,고유명사 음역/관습 표기 확인; 자동 음역
Tadmor,3,yes,3,0,트아드므오르,고유명사 음역/관습 표기 확인; 자동 음역
Taberah,3,yes,3,0,트아브에르아하,고유명사 음역/관습 표기 확인; 자동 음역
Tabeel,3,yes,3,0,트아브에에르,고유명사 음역/관습 표기 확인; 자동 음역
Tabbaoth,3,yes,3,0,트아브브아오스,고유명사 음역/관습 표기 확인; 자동 음역
sweep bare,3,no,0,3,싹쓸이하다/휩쓸다,
swaddle,3,no,0,3,포대기에 싸다,
summoned,3,no,0,3,소환된/부름 받은,
suckling,3,no,0,3,젖먹이,
strokes,3,no,0,3,매질/타격/뇌졸중,
stripped,3,no,0,3,벗겨진/벌거벗은,
stride,3,no,0,3,성큼성큼 걷다/보폭,
strangle,3,no,0,3,목졸라 죽이다,
storax tree,3,no,0,3,소합향나무/스토락스,
steep way,3,no,0,3,험한 길/가파른 길,
statute,3,no,0,3,규례/법령,
statement,3,no,0,3,진술/성명,
stammering,3,no,0,3,말더듬/말을 더듬는,
spreading-place,3,no,0,3,펼친 곳/펴짐,
spin,3,no,0,3,실잣다/돌다,
spider,3,no,0,3,거미,
spend autumn,3,no,0,3,가을을 지내다,
spell,3,no,0,3,철자하다/주문,
space,3,no,0,3,공간/간격,
Sotai,3,yes,3,0,스오트아이,고유명사 음역/관습 표기 확인; 자동 음역
soot,3,no,0,3,그을음,
something tasteless,3,no,0,3,맛없는 것,
smoking,3,no,0,3,연기 나는/흡연,
slaves,3,no,0,3,노예들,
Siw,3,yes,3,0,스이우,고유명사 음역/관습 표기 확인; 자동 음역
Sismai,3,yes,3,0,스이스므아이,고유명사 음역/관습 표기 확인; 자동 음역
Sirion,3,yes,3,0,스이르이오느,고유명사 음역/관습 표기 확인; 자동 음역
Sinite,3,no,0,3,시닌 사람,
Sia,3,yes,3,0,스이아,고유명사 음역/관습 표기 확인; 자동 음역
Shuni,3,yes,3,0,슈우느이,고유명사 음역/관습 표기 확인; 자동 음역
Shulammite,3,no,0,3,슐람 여인,
Shuhamite,3,no,0,3,수함 사람,
Shuah,3,yes,3,0,슈우아하,고유명사 음역/관습 표기 확인; 자동 음역
show mercy,3,no,0,3,자비를 베풀다,
Shophach,3,yes,3,0,슈오프아치,고유명사 음역/관습 표기 확인; 자동 음역
Shobai,3,yes,3,0,슈오브아이,고유명사 음역/관습 표기 확인; 자동 음역
Shobach,3,yes,3,0,슈오브아치,고유명사 음역/관습 표기 확인; 자동 음역
Shoa,3,yes,3,0,슈오아,고유명사 음역/관습 표기 확인; 자동 음역
shining,3,no,0,3,빛나는,
Shimeite,3,no,0,3,시므이 사람,
Shimeath,3,yes,3,0,슈이므에아스,고유명사 음역/관습 표기 확인; 자동 음역
Shillem,3,yes,3,0,슈이르르에므,고유명사 음역/관습 표기 확인; 자동 음역
Shilhi,3,yes,3,0,슈이르하이,고유명사 음역/관습 표기 확인; 자동 음역
Sheva,3,yes,3,0,슈에브아,고유명사 음역/관습 표기 확인; 자동 음역
Sheshach,3,yes,3,0,슈에슈아치,고유명사 음역/관습 표기 확인; 자동 음역
Shepher,3,yes,3,0,슈에프에르,고유명사 음역/관습 표기 확인; 자동 음역
Shepham,3,yes,3,0,슈에프아므,고유명사 음역/관습 표기 확인; 자동 음역
Sheleph,3,yes,3,0,슈에르에프,고유명사 음역/관습 표기 확인; 자동 음역
sheep-raiser,3,no,0,3,양치는 자,
shed tears,3,no,0,3,눈물을 흘리다,
Sheariah,3,yes,3,0,슈에아르이아하,고유명사 음역/관습 표기 확인; 자동 음역
Shashak,3,yes,3,0,슈아슈아크,고유명사 음역/관습 표기 확인; 자동 음역
Shamma,3,yes,3,0,슈아므므아,고유명사 음역/관습 표기 확인; 자동 음역
Shamgar,3,yes,3,0,슈아므그아르,고유명사 음역/관습 표기 확인; 자동 음역
Shalmaneser,3,yes,3,0,살만에셀,고유명사 음역/관습 표기 확인
Shalmai,3,yes,3,0,슈아르므아이,고유명사 음역/관습 표기 확인; 자동 음역
Shaaph,3,yes,3,0,슈아아프,고유명사 음역/관습 표기 확인; 자동 음역
Shaalbonite,3,no,0,3,사알보나 사람,
Shaalbim,3,yes,3,0,슈아아르브이므,고유명사 음역/관습 표기 확인; 자동 음역
Sered,3,yes,3,0,스에르에드,고유명사 음역/관습 표기 확인; 자동 음역
Seled,3,yes,3,0,스에르에드,고유명사 음역/관습 표기 확인; 자동 음역
sediment,3,no,0,3,침전물,
seal ring,3,no,0,3,인장 반지,
sciatic nerve,3,no,0,3,좌골신경,
scaly coat,3,no,0,3,비늘코트/비늘 갑옷,
saturation,3,no,0,3,포화/충만,
Sarid,3,yes,3,0,스아르이드,고유명사 음역/관습 표기 확인; 자동 음역
sandal-thong,3,no,0,3,신끈/샌들 끈,
Sallu,3,yes,3,0,스아르르우,고유명사 음역/관습 표기 확인; 자동 음역
Salem,3,yes,3,0,스아르에므,고유명사 음역/관습 표기 확인; 자동 음역
sail,3,no,0,3,돛/항해하다,
saddle-bags,3,no,0,3,안장자루들,
Sacar,3,yes,3,0,스아크아르,고유명사 음역/관습 표기 확인; 자동 음역
Sabteca,3,yes,3,0,스아브트에크아,고유명사 음역/관습 표기 확인; 자동 음역
Sabta,3,yes,3,0,스아브트아,고유명사 음역/관습 표기 확인; 자동 음역
Rumah,3,yes,3,0,르우므아하,고유명사 음역/관습 표기 확인; 자동 음역
rubbish-heap,3,no,0,3,쓰레기 더미,
royal,3,no,0,3,왕의/왕실의,
rotten berry,3,no,0,3,썩은 열매,
rot,3,no,0,3,썩다/부패,
Romamti-Ezer,3,yes,3,0,르오므아므트이 에즈에르,고유명사 음역/관습 표기 확인; 자동 음역
Rogelim,3,yes,3,0,르오그에르이므,고유명사 음역/관습 표기 확인; 자동 음역
robes,3,no,0,3,예복/옷들,
robbing,3,no,0,3,약탈/강도질,
Rithmah,3,yes,3,0,르이스므아하,고유명사 음역/관습 표기 확인; 자동 음역
Rissah,3,yes,3,0,르이스스아하,고유명사 음역/관습 표기 확인; 자동 음역
ringworm,3,no,0,3,백선/버짐,
Rimmon Perez,3,yes,3,0,르이므므오느 프에르에즈,고유명사 음역/관습 표기 확인; 자동 음역
rim,3,no,0,3,테두리/가장자리,
Ribai,3,yes,3,0,르이브아이,고유명사 음역/관습 표기 확인; 자동 음역
Rezeph,3,yes,3,0,르에즈에프,고유명사 음역/관습 표기 확인; 자동 음역
revolt,3,no,0,3,반역/반란,
resemble,3,no,0,3,닮다/유사하다,
rennet-bag,3,no,0,3,위엽/렌넷주머니,
removed,3,no,0,3,제거된/옮겨진,
reluctance,3,no,0,3,꺼림/마지못함,
relief,3,no,0,3,구원/안도/부조,
reebok,3,no,0,3,영양/사슴류,
rebellious,3,no,0,3,반역하는/거역하는,
Reba,3,yes,3,0,르에브아,고유명사 음역/관습 표기 확인; 자동 음역
raise up,3,no,0,3,일으키다/세우다,
rain cloud,3,no,0,3,비구름,
raging,3,no,0,3,격노하는/사나운,
rag,3,no,0,3,누더기/걸레,
quilt,3,no,0,3,이불/누빔,
quarry-stone,3,no,0,3,채석석/채석된 돌,
quantity,3,no,0,3,양/분량,
purse,3,no,0,3,돈주머니/지갑,
Purah,3,yes,3,0,프우르아하,고유명사 음역/관습 표기 확인; 자동 음역
Punon,3,yes,3,0,프우느오느,고유명사 음역/관습 표기 확인; 자동 음역
publicly known,3,no,0,3,널리 알려진,
promise,3,no,0,3,약속/약속하다,
pricks,3,no,0,3,찌름/가시들,
prickle,3,no,0,3,가시/따끔거림,
powerful,3,no,0,3,강력한/유력한,
poultry,3,no,0,3,가금/닭·오리류,
potter's wheel,3,no,0,3,도공의 물레,
Potiphar,3,yes,3,0,보디발,고유명사 음역/관습 표기 확인
post,3,no,0,3,기둥/말뚝/우편/임명하다,
possess,3,no,0,3,소유하다/차지하다,
police officer,3,no,0,3,경관/관리,
Pokereth-Hazzebaim,3,yes,3,0,프오크에르에스 하아즈즈에브아이므,고유명사 음역/관습 표기 확인; 자동 음역
pluck,3,no,0,3,뽑다/뜯다,
plane-tree,3,no,0,3,버즘나무/플라타너스,
plaits,3,no,0,3,땋은 머리/땋음,
Pithon,3,yes,3,0,프이스오느,고유명사 음역/관습 표기 확인; 자동 음역
pitch-fork,3,no,0,3,쇠스랑/건지개,
Pinon,3,yes,3,0,프이느오느,고유명사 음역/관습 표기 확인; 자동 음역
pile,3,no,0,3,더미/말뚝,
piebald,3,no,0,3,얼룩무늬의,
Pethor,3,yes,3,0,프에스오르,고유명사 음역/관습 표기 확인; 자동 음역
Perez Uzzah,3,yes,3,0,베레스 웃사,고유명사 음역/관습 표기 확인
Penuel,3,yes,3,0,브누엘,고유명사 음역/관습 표기 확인
Peleth,3,yes,3,0,프에르에스,고유명사 음역/관습 표기 확인; 자동 음역
Pelet,3,yes,3,0,프에르에트,고유명사 음역/관습 표기 확인; 자동 음역
Pekod,3,yes,3,0,브곧,고유명사 음역/관습 표기 확인
peel,3,no,0,3,껍질을 벗기다,
Pathrusites,3,yes,3,0,바뜨루심 사람들,고유명사 음역/관습 표기 확인
pass along,3,no,0,3,지나가다/전달하다,
partridge,3,no,0,3,자고새/메추라기류,
Paltiel,3,yes,3,0,발디엘,고유명사 음역/관습 표기 확인
Palti,3,yes,3,0,발디,고유명사 음역/관습 표기 확인
Padon,3,yes,3,0,바돈,고유명사 음역/관습 표기 확인
packsaddles,3,no,0,3,짐 안장들,
Ozem,3,yes,3,0,오즈에므,고유명사 음역/관습 표기 확인; 자동 음역
overhang,3,no,0,3,돌출/돌출되다,
Orpah,3,yes,3,0,오르바,고유명사 음역/관습 표기 확인
ore,3,no,0,3,광석,
ointment pot,3,no,0,3,향유 단지,
ointment mixer,3,no,0,3,향유 제조자,
Ohad,3,yes,3,0,오핫,고유명사 음역/관습 표기 확인
occurrence,3,no,0,3,발생/사건,
obedience,3,no,0,3,순종/복종,
Nogah,3,yes,3,0,느오그아하,고유명사 음역/관습 표기 확인; 자동 음역
Noadiah,3,yes,3,0,노아댜,고유명사 음역/관습 표기 확인
Nissan,3,yes,3,0,니산,고유명사 음역/관습 표기 확인
Nisroch,3,yes,3,0,니스록,고유명사 음역/관습 표기 확인
nip off,3,no,0,3,집어 떼다/꼬집어 떼다,
Nimrim,3,yes,3,0,느이므르이므,고유명사 음역/관습 표기 확인; 자동 음역
nightshade,3,no,0,3,나이트셰이드(가지독초),
Neziah,3,yes,3,0,느에즈이아하,고유명사 음역/관습 표기 확인; 자동 음역
Netophah,3,yes,3,0,느도바,고유명사 음역/관습 표기 확인
Nephtoah,3,yes,3,0,넵토아,고유명사 음역/관습 표기 확인
neighing,3,no,0,3,말 울음소리/히힝거림,
natron,3,no,0,3,나트론,
Naphtuhites,3,yes,3,0,납두힘 사람들,고유명사 음역/관습 표기 확인
Naharai,3,yes,3,0,나하래,고유명사 음역/관습 표기 확인
Nahaliel,3,yes,3,0,나할리엘,고유명사 음역/관습 표기 확인
Nahalal,3,yes,3,0,나할랄,고유명사 음역/관습 표기 확인
myriad,3,no,0,3,수만/무수,
mutilate,3,no,0,3,훼손하다/절단하다,
musty smell,3,no,0,3,곰팡내/퀴퀴한 냄새,
Mushite,3,no,0,3,무시 사람,
Moseroth,3,yes,3,0,모세롯,고유명사 음역/관습 표기 확인
Moriah,3,yes,3,0,모리아,고유명사 음역/관습 표기 확인
Mithredath,3,yes,3,0,미드르닷,고유명사 음역/관습 표기 확인
Mithcah,3,yes,3,0,므이스크아하,고유명사 음역/관습 표기 확인; 자동 음역
Misrephoth Maim,3,yes,3,0,므이스르에프오스 므아이므,고유명사 음역/관습 표기 확인; 자동 음역
Mishal,3,yes,3,0,미살,고유명사 음역/관습 표기 확인
misfortune,3,no,0,3,불행/재앙,
miraculous,3,no,0,3,기적적인/기이한,
Minnith,3,yes,3,0,민닛,고유명사 음역/관습 표기 확인
minium,3,no,0,3,연단(붉은 납),
Mikneiah,3,yes,3,0,므이크느에이아하,고유명사 음역/관습 표기 확인; 자동 음역
Migron,3,yes,3,0,미그론,고유명사 음역/관습 표기 확인
Migdal Eder,3,yes,3,0,미그달 에델,고유명사 음역/관습 표기 확인
Micmethath,3,yes,3,0,므이크므에스아스,고유명사 음역/관습 표기 확인; 자동 음역
Mibzar,3,yes,3,0,므이브즈아르,고유명사 음역/관습 표기 확인; 자동 음역
Methushael,3,yes,3,0,므에스우슈아에르,고유명사 음역/관습 표기 확인; 자동 음역
Meshillemoth,3,yes,3,0,므에슈이르르에므오스,고유명사 음역/관습 표기 확인; 자동 음역
Meronothite,3,no,0,3,메로놋 사람,
Merom,3,yes,3,0,메롬,고유명사 음역/관습 표기 확인
Mered,3,yes,3,0,메렙,고유명사 음역/관습 표기 확인
melting pot,3,no,0,3,도가니/용해로,
Melech,3,yes,3,0,멜렉,고유명사 음역/관습 표기 확인
Melchizedek,3,yes,3,0,멜기세덱,고유명사 음역/관습 표기 확인
Meholathite,3,no,0,3,므홀랏 사람,
Mehida,3,yes,3,0,므히다,고유명사 음역/관습 표기 확인
Medan,3,yes,3,0,므딴,고유명사 음역/관습 표기 확인
Medad,3,yes,3,0,므닷,고유명사 음역/관습 표기 확인
Me-Zahab,3,yes,3,0,므에 즈아하아브,고유명사 음역/관습 표기 확인; 자동 음역
Mattanah,3,yes,3,0,맛다나,고유명사 음역/관습 표기 확인
Matred,3,yes,3,0,맛렛,고유명사 음역/관습 표기 확인
mastic tree,3,no,0,3,마스틱 나무,
mastery,3,no,0,3,숙련/통달/지배,
Massa,3,yes,3,0,맛사,고유명사 음역/관습 표기 확인
Masrekah,3,yes,3,0,맛스레가,고유명사 음역/관습 표기 확인
mallow <flower>,3,no,0,3,아욱(꽃),
Mallothi,3,yes,3,0,말르디,고유명사 음역/관습 표기 확인
malicious intent,3,no,0,3,악의/악의적 의도,
Makheloth,3,yes,3,0,므아크하에르오스,고유명사 음역/관습 표기 확인; 자동 음역
Mahseiah,3,yes,3,0,마세야,고유명사 음역/관습 표기 확인
Mahlite,3,no,0,3,말리 사람,
Maher-Shalal-Hash-Baz,3,yes,3,0,마헬살랄하스바스,고유명사 음역/관습 표기 확인
Mahazioth,3,yes,3,0,마하시옷,고유명사 음역/관습 표기 확인
Mahaneh Dan,3,yes,3,0,마하네단,고유명사 음역/관습 표기 확인
Mahalath,3,yes,3,0,마할랏,고유명사 음역/관습 표기 확인
Magdiel,3,yes,3,0,막디엘,고유명사 음역/관습 표기 확인
Madon,3,yes,3,0,마돈,고유명사 음역/관습 표기 확인
Luhith,3,yes,3,0,루힛,고유명사 음역/관습 표기 확인
lotus,3,no,0,3,연꽃,
Lo-Ammi,3,yes,3,0,로암미,고유명사 음역/관습 표기 확인
limb,3,no,0,3,사지/팔다리,
lift up,3,no,0,3,들어 올리다,
Libnite,3,no,0,3,립나 사람,
leveller,3,no,0,3,평탄기/평준자,
Leshem,3,yes,3,0,레셈,고유명사 음역/관습 표기 확인
Lemuel,3,yes,3,0,르무엘,고유명사 음역/관습 표기 확인
Lehabites,3,yes,3,0,르에하아브이트에스,고유명사 음역/관습 표기 확인; 자동 음역
left-handed,3,no,0,3,왼손잡이/왼손의,
Lebanah,3,yes,3,0,레바나,고유명사 음역/관습 표기 확인
leave unharvested,3,no,0,3,거두지 않고 남겨두다,
law official,3,no,0,3,법관/관원,
late sowing,3,no,0,3,늦파종,
Laish,3,yes,3,0,라이스,고유명사 음역/관습 표기 확인
ladanum,3,no,0,3,라다넘 수지,
lack,3,no,0,3,부족/결핍,
Kue,3,yes,3,0,쿠에,고유명사 음역/관습 표기 확인
Kolaiah,3,yes,3,0,골라야,고유명사 음역/관습 표기 확인
knoll,3,no,0,3,작은 언덕/둔덕,
Kislev,3,yes,3,0,기슬레브,고유명사 음역/관습 표기 확인
Kishion,3,yes,3,0,기시온,고유명사 음역/관습 표기 확인
Kiriath Baal,3,yes,3,0,기럇바알,고유명사 음역/관습 표기 확인
killing,3,no,0,3,살해/죽임,
kick,3,no,0,3,발로 차다/차다,
Kerub,3,yes,3,0,게룹,고유명사 음역/관습 표기 확인
Keros,3,yes,3,0,게로스,고유명사 음역/관습 표기 확인
Kerith,3,yes,3,0,그릿,고유명사 음역/관습 표기 확인
Keran,3,yes,3,0,게란,고유명사 음역/관습 표기 확인
Kenath,3,yes,3,0,그낫,고유명사 음역/관습 표기 확인
Kelub,3,yes,3,0,겔룹,고유명사 음역/관습 표기 확인
Kehelathah,3,yes,3,0,그헬라다,고유명사 음역/관습 표기 확인
Kedemah,3,yes,3,0,그데마,고유명사 음역/관습 표기 확인
Juttah,3,yes,3,0,윳다,고유명사 음역/관습 표기 확인
Joshbekashah,3,yes,3,0,요슈브에크아슈아하,고유명사 음역/관습 표기 확인; 자동 음역
Joshaphat,3,yes,3,0,요사밧,고유명사 음역/관습 표기 확인
Joktheel,3,yes,3,0,욕드엘,고유명사 음역/관습 표기 확인
Jokmeam,3,yes,3,0,욕므암,고유명사 음역/관습 표기 확인
Joha,3,yes,3,0,요하아,고유명사 음역/관습 표기 확인; 자동 음역
Jogbehah,3,yes,3,0,욥그하,고유명사 음역/관습 표기 확인
Jochebed,3,yes,3,0,요게벳,고유명사 음역/관습 표기 확인
Jobab,3,yes,3,0,요밥,고유명사 음역/관습 표기 확인
Jezerite,3,no,0,3,이에셀 사람,
Jetheth,3,yes,3,0,예덷,고유명사 음역/관습 표기 확인
Jerusha,3,yes,3,0,여루사,고유명사 음역/관습 표기 확인
Jerahmeelite,3,no,0,3,여라흐므엘 사람,
Jerah,3,yes,3,0,여라,고유명사 음역/관습 표기 확인
Jemuel,3,yes,3,0,여무엘,고유명사 음역/관습 표기 확인
Jekameam,3,yes,3,0,여가메암,고유명사 음역/관습 표기 확인
Jehoiarib,3,yes,3,0,여호야립,고유명사 음역/관습 표기 확인
Jehoaddin,3,yes,3,0,여호아딘,고유명사 음역/관습 표기 확인
Jehoaddah,3,yes,3,0,여호앗다,고유명사 음역/관습 표기 확인
Jehieli,3,no,0,3,여히엘리,
Jehdeiah,3,yes,3,0,여드야,고유명사 음역/관습 표기 확인
Jehallelel,3,yes,3,0,여할렐엘,고유명사 음역/관습 표기 확인
Jecoliah,3,yes,3,0,여골리야,고유명사 음역/관습 표기 확인
jasper,3,no,0,3,벽옥,
Jarha,3,yes,3,0,야르하,고유명사 음역/관습 표기 확인
Jakim,3,yes,3,0,야김,고유명사 음역/관습 표기 확인
Jahzeel,3,yes,3,0,야흐스엘,고유명사 음역/관습 표기 확인
Jahleel,3,yes,3,0,야흘레엘,고유명사 음역/관습 표기 확인
Jahaz,3,yes,3,0,야하스,고유명사 음역/관습 표기 확인
Jadah,3,yes,3,0,야다,고유명사 음역/관습 표기 확인
Jada,3,yes,3,0,야드아,고유명사 음역/관습 표기 확인; 자동 음역
Jabneel,3,yes,3,0,얍느엘,고유명사 음역/관습 표기 확인
Jaaziah,3,yes,3,0,야아시야,고유명사 음역/관습 표기 확인
Jaasiel,3,yes,3,0,야아시엘,고유명사 음역/관습 표기 확인
Jaala,3,yes,3,0,야알라,고유명사 음역/관습 표기 확인
Iyim,3,yes,3,0,이임,고유명사 음역/관습 표기 확인
Iye Abarim,3,yes,3,0,이예 아바림,고유명사 음역/관습 표기 확인
ivory,3,no,0,3,상아,
Ithream,3,yes,3,0,잇르암,고유명사 음역/관습 표기 확인
Ishvah,3,yes,3,0,이스와,고유명사 음역/관습 표기 확인
Ishbak,3,yes,3,0,이스박,고유명사 음역/관습 표기 확인
Irijah,3,yes,3,0,이리야,고유명사 음역/관습 표기 확인
Iram,3,yes,3,0,이람,고유명사 음역/관습 표기 확인
Irad,3,yes,3,0,이랏,고유명사 음역/관습 표기 확인
Iphtah El,3,yes,3,0,입다엘,고유명사 음역/관습 표기 확인
invention,3,no,0,3,발명/고안,
intertwine,3,no,0,3,엮다/얽히다,
indicator,3,no,0,3,표지/지시기,
India,3,yes,3,0,인도,고유명사 음역/관습 표기 확인
indeed,3,no,0,3,참으로/정녕,
Imri,3,yes,3,0,임리,고유명사 음역/관습 표기 확인
ill-treatment,3,no,0,3,학대/박해,
Ichabod,3,yes,3,0,이가봇,고유명사 음역/관습 표기 확인
Ibzan,3,yes,3,0,입산,고유명사 음역/관습 표기 확인
husband's brother,3,no,0,3,남편의 형제(시숙/시동생),
hurl,3,no,0,3,내던지다/투척하다,
Huldah,3,yes,3,0,훌다,고유명사 음역/관습 표기 확인
Hul,3,yes,3,0,훌,고유명사 음역/관습 표기 확인
Hothir,3,yes,3,0,호딜,고유명사 음역/관습 표기 확인
Hotham,3,yes,3,0,호담,고유명사 음역/관습 표기 확인
hot,3,no,0,3,뜨거운/더운,
hostages,3,no,0,3,인질들,
hoopoe,3,no,0,3,후투티,
honey-comb,3,no,0,3,벌집/꿀송이,
Hobaiah,3,yes,3,0,호바야,고유명사 음역/관습 표기 확인
Hobab,3,yes,3,0,호밥,고유명사 음역/관습 표기 확인
Hirah,3,yes,3,0,히라,고유명사 음역/관습 표기 확인
hindrance,3,no,0,3,방해/장애,
Hillel,3,yes,3,0,힐렐,고유명사 음역/관습 표기 확인
Hezronite,3,no,0,3,헤스론 사람,
Hezir,3,yes,3,0,헤실,고유명사 음역/관습 표기 확인
Hethlon,3,yes,3,0,헷론,고유명사 음역/관습 표기 확인
Helkath,3,yes,3,0,헬캇,고유명사 음역/관습 표기 확인
Helek,3,yes,3,0,헬렉,고유명사 음역/관습 표기 확인
Helam,3,yes,3,0,헬람,고유명사 음역/관습 표기 확인
Helah,3,yes,3,0,헬라,고유명사 음역/관습 표기 확인
Hazazon Tamar,3,yes,3,0,하사손다말,고유명사 음역/관습 표기 확인
Hazarmaveth,3,yes,3,0,하살마웻,고유명사 음역/관습 표기 확인
Hauran,3,yes,3,0,하우란,고유명사 음역/관습 표기 확인
Hattil,3,yes,3,0,핫딜,고유명사 음역/관습 표기 확인
Hatita,3,yes,3,0,하디다,고유명사 음역/관습 표기 확인
Hatipha,3,yes,3,0,하디바,고유명사 음역/관습 표기 확인
Hasupha,3,yes,3,0,하수바,고유명사 음역/관습 표기 확인
Hassenuah,3,yes,3,0,하스누아,고유명사 음역/관습 표기 확인
Hashmonah,3,yes,3,0,핫스모나,고유명사 음역/관습 표기 확인
Hashabneiah,3,yes,3,0,하사브느야,고유명사 음역/관습 표기 확인
harvesting,3,no,0,3,수확/추수,
Harsha,3,yes,3,0,하르사,고유명사 음역/관습 표기 확인
Harodite,3,no,0,3,하로드 사람,
Hariph,3,yes,3,0,하립,고유명사 음역/관습 표기 확인
Harhur,3,yes,3,0,하르훌,고유명사 음역/관습 표기 확인
hare,3,no,0,3,산토끼,
Haradah,3,yes,3,0,하라닷,고유명사 음역/관습 표기 확인
Hanniel,3,yes,3,0,한니엘,고유명사 음역/관습 표기 확인
handcuffs,3,no,0,3,수갑,
Hammon,3,yes,3,0,함몬,고유명사 음역/관습 표기 확인
Hamathite,3,no,0,3,하맛 사람,
Hallohesh,3,yes,3,0,할로헤스,고유명사 음역/관습 표기 확인
Hakupha,3,yes,3,0,하쿠바,고유명사 음역/관습 표기 확인
hairlocks,3,no,0,3,머리타래,
Haggi,3,yes,3,0,하기,고유명사 음역/관습 표기 확인
Hagabah,3,yes,3,0,하가바,고유명사 음역/관습 표기 확인
Hacmoni,3,yes,3,0,학모니,고유명사 음역/관습 표기 확인
Hacaliah,3,yes,3,0,학글리야,고유명사 음역/관습 표기 확인
Habakkuk,3,yes,3,0,하박국,고유명사 음역/관습 표기 확인
guardian,3,no,0,3,보호자/수호자,
growling,3,no,0,3,으르렁거림/중얼거림,
grow green,3,no,0,3,푸르게 되다/싹트다,
grow dark,3,no,0,3,어두워지다,
groats,3,no,0,3,거친 곡립/껍질 벗긴 곡물,
goring,3,no,0,3,뿔로 받기,
going,3,no,0,3,가고 있는/출발,
Gob,3,yes,3,0,곱,고유명사 음역/관습 표기 확인
give present,3,no,0,3,예물을 주다/선물을 주다,
Gittaim,3,yes,3,0,깃다임,고유명사 음역/관습 표기 확인
Ginnethon,3,yes,3,0,긴네돈,고유명사 음역/관습 표기 확인
Ginath,3,yes,3,0,기낫,고유명사 음역/관습 표기 확인
Gilonite,3,no,0,3,길온 사람,
Giloh,3,yes,3,0,길로,고유명사 음역/관습 표기 확인
Giddalti,3,yes,3,0,깃달디,고유명사 음역/관습 표기 확인
Gether,3,yes,3,0,게델,고유명사 음역/관습 표기 확인
Genubath,3,yes,3,0,그누밧,고유명사 음역/관습 표기 확인
Gederoth,3,yes,3,0,게데롯,고유명사 음역/관습 표기 확인
Gederah,3,yes,3,0,게데라,고유명사 음역/관습 표기 확인
Geber,3,yes,3,0,게벨,고유명사 음역/관습 표기 확인
Gebalite,3,no,0,3,게발 사람,
Gazzam,3,yes,3,0,가잠,고유명사 음역/관습 표기 확인
Gazez,3,yes,3,0,가세스,고유명사 음역/관습 표기 확인
Gallim,3,yes,3,0,갈림,고유명사 음역/관습 표기 확인
gall,3,no,0,3,담즙/수지/괴롭히다,
Galeed,3,yes,3,0,갈르엣,고유명사 음역/관습 표기 확인
Gahar,3,yes,3,0,가할,고유명사 음역/관습 표기 확인
Gadi,3,yes,3,0,가디,고유명사 음역/관습 표기 확인
Gabriel,3,yes,3,0,가브리엘,고유명사 음역/관습 표기 확인
function of scribe,3,no,0,3,서기관의 임무/직무,
from Moresheth,3,no,0,3,모레셋에서/모레셋 출신,
from Migdol to Aswan,3,yes,3,0,믹돌에서 아스완까지,고유명사 음역/관습 표기 확인
from Gaza,3,no,0,3,가자에서/가자 출신,
from Ekron,3,no,0,3,에그론에서/에그론 출신,
fresh plucked,3,no,0,3,갓 딴,
foul,3,no,0,3,더러운/반칙,
former time,3,no,0,3,이전 시대/옛날,
forfeiture,3,no,0,3,몰수/박탈,
fondling,3,no,0,3,어루만짐/사랑스러운 아이,
folding,3,no,0,3,접힘/접는,
fly?,3,no,0,3,날다?,
flood thunderously?,3,no,0,3,우레같이 범람하다?,
flock together,3,no,0,3,모이다/무리를 이루다,
flight,3,no,0,3,도주/항공편/비행,
flea,3,no,0,3,벼룩,
flag,3,no,0,3,깃발/기치,
filthy,3,no,0,3,더러운/추잡한,
fill,3,no,0,3,채우다,
feeble,3,no,0,3,연약한,
fearing,3,no,0,3,두려워하는,
Ezbon,3,yes,3,0,에스본,고유명사 음역/관습 표기 확인
exultation,3,no,0,3,환희/기쁨,
exposition,3,no,0,3,설명/해설,
expenses,3,no,0,3,비용들/경비,
expanse,3,no,0,3,창공/궁창/넓은 공간,
exempt,3,no,0,3,면제하다/면제된,
exclude,3,no,0,3,제외하다,
example,3,no,0,3,예/본보기,
exalted,3,no,0,3,지극히 높으신/높여진,
Evil-merodach,3,yes,3,0,에윌므로닥,고유명사 음역/관습 표기 확인
Evi,3,yes,3,0,에위,고유명사 음역/관습 표기 확인
Eve,3,yes,3,0,하와,고유명사 음역/관습 표기 확인
Ether,3,yes,3,0,에델,고유명사 음역/관습 표기 확인
Eshton,3,yes,3,0,에스돈,고유명사 음역/관습 표기 확인
Eshcol,3,yes,3,0,에스골,고유명사 음역/관습 표기 확인
Eshban,3,yes,3,0,에스반,고유명사 음역/관습 표기 확인
Esh-Baal,3,yes,3,0,에스바알,고유명사 음역/관습 표기 확인
Eri,3,yes,3,0,에리,고유명사 음역/관습 표기 확인
Ephlal,3,yes,3,0,에플랄,고유명사 음역/관습 표기 확인
Ephes Dammim,3,yes,3,0,에벳스 담밈,고유명사 음역/관습 표기 확인
endure,3,no,0,3,견디다/참다,
Enaim,3,yes,3,0,에나임,고유명사 음역/관습 표기 확인
En Shemesh,3,yes,3,0,엔셈메스,고유명사 음역/관습 표기 확인
Elzabad,3,yes,3,0,엘사밧,고유명사 음역/관습 표기 확인
Eltolad,3,yes,3,0,엘돌랏,고유명사 음역/관습 표기 확인
Eltekeh,3,yes,3,0,엘드게,고유명사 음역/관습 표기 확인
Ellasar,3,yes,3,0,엘라살,고유명사 음역/관습 표기 확인
Elishua,3,yes,3,0,엘리수아,고유명사 음역/관습 표기 확인
Eliphelehu,3,yes,3,0,엘리벨레후,고유명사 음역/관습 표기 확인
Eliehoenai,3,yes,3,0,엘여호에나이,고유명사 음역/관습 표기 확인
Eliam,3,yes,3,0,엘리암,고유명사 음역/관습 표기 확인
Eliahba,3,yes,3,0,엘리아바,고유명사 음역/관습 표기 확인
Eldad,3,yes,3,0,엘닷,고유명사 음역/관습 표기 확인
Eldaah,3,yes,3,0,엘다아,고유명사 음역/관습 표기 확인
Eglath Shelishiyah,3,yes,3,0,에글랏 셀리시야,고유명사 음역/관습 표기 확인
Eglah,3,yes,3,0,에글라,고유명사 음역/관습 표기 확인
early rain,3,no,0,3,이른 비,
eardrops,3,no,0,3,귀걸이,
during,3,no,0,3,~동안,
dry wood,3,no,0,3,마른 나무,
drought,3,no,0,3,가뭄,
drive away,3,no,0,3,쫓아내다,
dried grass,3,no,0,3,마른 풀/건초,
dress,3,no,0,3,옷/입다,
double-edged,3,no,0,3,양날의,
Dophkah,3,yes,3,0,도브가,고유명사 음역/관습 표기 확인
ditch,3,no,0,3,도랑/수로,
display of love,3,no,0,3,사랑의 표시,
displace,3,no,0,3,대체하다/쫓아내다,
discharge,3,no,0,3,해고/배출/배출하다,
dirge,3,no,0,3,만가/애가,
Dinhabah,3,yes,3,0,딘하바,고유명사 음역/관습 표기 확인
Dimon,3,yes,3,0,디몬,고유명사 음역/관습 표기 확인
Diklah,3,yes,3,0,딕라,고유명사 음역/관습 표기 확인
difficult,3,no,0,3,어려운,
devise,3,no,0,3,꾀하다/계책을 내다,
deceptions,3,no,0,3,속임수들,
deceitful,3,no,0,3,거짓된/간사한,
deal violently,3,no,0,3,폭력을 휘두르다,
Darkon,3,yes,3,0,다르곤,고유명사 음역/관습 표기 확인
cypress,3,no,0,3,측백/삼나무/사이프러스,
Cuthah,3,yes,3,0,구다,고유명사 음역/관습 표기 확인
Cushi,3,yes,3,0,구시,고유명사 음역/관습 표기 확인
cultic service,3,no,0,3,제의 봉사,
cuirass,3,no,0,3,흉갑/갑옷,
cucumber field,3,no,0,3,오이밭,
cricket,3,no,0,3,귀뚜라미,
Cozbi,3,yes,3,0,고스비,고유명사 음역/관습 표기 확인
coverlets,3,no,0,3,덮개/이불장식,
countrymen,3,no,0,3,동포/동향인,
counselor,3,no,0,3,조언자/참모,
cormorant,3,no,0,3,가마우지,
coriander,3,no,0,3,고수/코리앤더,
coolness,3,no,0,3,서늘함/냉정,
cool,3,no,0,3,시원한/식히다,
cooked,3,no,0,3,익힌/요리된,
consumption,3,no,0,3,소비/소모/소모성 질병,
constantly,3,no,0,3,끊임없이/항상,
conjurer,3,no,0,3,주술사/마술사,
confident,3,no,0,3,자신 있는/확신하는,
conception,3,no,0,3,임신/개념,
complain,3,no,0,3,불평하다/하소연하다,
communicate,3,no,0,3,전달하다/소통하다,
commander,3,no,0,3,지휘관/사령관,
column,3,no,0,3,기둥/열,
Col-Hozeh,3,yes,3,0,골호세,고유명사 음역/관습 표기 확인
cloak,3,no,0,3,겉옷/망토,
client,3,no,0,3,의뢰인/고객,
clear-sighted,3,no,0,3,통찰력 있는/눈 밝은,
clamps,3,no,0,3,고정쇠/클램프,
circulate,3,no,0,3,순환하다/돌다,
chest,3,no,0,3,가슴/궤,
Chenaniah,3,yes,3,0,그나냐,고유명사 음역/관습 표기 확인
censer,3,no,0,3,향로,
cauldron,3,no,0,3,가마솥/큰 솥,
cassia-bud,3,no,0,3,계피꽃봉오리/계피 열매,
Casluhites,3,yes,3,0,가슬루힛 사람들,고유명사 음역/관습 표기 확인
Casiphia,3,yes,3,0,가시피아,고유명사 음역/관습 표기 확인
case,3,no,0,3,사건/경우/상자,
Carites,3,yes,3,0,가리 사람들,고유명사 음역/관습 표기 확인
caravan,3,no,0,3,대상/카라반,
Calneh,3,yes,3,0,갈네,고유명사 음역/관습 표기 확인
Calcol,3,yes,3,0,갈골,고유명사 음역/관습 표기 확인
Calah,3,yes,3,0,갈라,고유명사 음역/관습 표기 확인
Cabul,3,yes,3,0,가불,고유명사 음역/관습 표기 확인
Buzite,3,no,0,3,부스 사람,
burnished,3,no,0,3,광택 있는/닦아낸,
bulbul,3,no,0,3,불불새/휘파람새,
Bukkiah,3,yes,3,0,북기야,고유명사 음역/관습 표기 확인
bucket,3,no,0,3,양동이/물통,
brilliance,3,no,0,3,광채/찬란함,
bright red,3,no,0,3,밝은 붉은색,
breastplate,3,no,0,3,흉갑/흉패,
breaking in,3,no,0,3,침입/뚫고 들어감,
breakdown,3,no,0,3,붕괴/파국,
Bozkath,3,yes,3,0,보스갓,고유명사 음역/관습 표기 확인
box tree,3,no,0,3,회양목,
Bokim,3,yes,3,0,보김,고유명사 음역/관습 표기 확인
Bokeru,3,yes,3,0,보게루,고유명사 음역/관습 표기 확인
Bohan,3,yes,3,0,보한,고유명사 음역/관습 표기 확인
blood-spout,3,no,0,3,피 분출,
blisters,3,no,0,3,물집들,
Binea,3,yes,3,0,비느아,고유명사 음역/관습 표기 확인
Bilshan,3,yes,3,0,빌산,고유명사 음역/관습 표기 확인
billhook,3,no,0,3,갈고리낫/큰 낫,
Bigthana,3,yes,3,0,빅다나,고유명사 음역/관습 표기 확인
bewilderment,3,no,0,3,당혹/혼란,
between,3,no,0,3,사이에/사이의,
Bethuel,3,yes,3,0,브두엘,고유명사 음역/관습 표기 확인
Beth Rehob,3,yes,3,0,벧르홉,고유명사 음역/관습 표기 확인
Beth Pelet,3,yes,3,0,벧벨렛,고유명사 음역/관습 표기 확인
Beth Nimrah,3,yes,3,0,벧님라,고유명사 음역/관습 표기 확인
Beth Hakkerem,3,yes,3,0,벧학게렘,고유명사 음역/관습 표기 확인
Beth Dagon,3,yes,3,0,벧다곤,고유명사 음역/관습 표기 확인
Beth Barah,3,yes,3,0,벧바라,고유명사 음역/관습 표기 확인
besprinkle,3,no,0,3,뿌리다/살포하다,
Besai,3,yes,3,0,브새,고유명사 음역/관습 표기 확인
Bene Jaakan,3,yes,3,0,브네야아간,고유명사 음역/관습 표기 확인
Beeri,3,yes,3,0,브에리,고유명사 음역/관습 표기 확인
Beer,3,yes,3,0,브엘,고유명사 음역/관습 표기 확인
Bedan,3,yes,3,0,베단,고유명사 음역/관습 표기 확인
Bedad,3,yes,3,0,베닷,고유명사 음역/관습 표기 확인
beat,3,no,0,3,치다/때리다,
bear twins,3,no,0,3,쌍둥이를 낳다,
beans,3,no,0,3,콩들,
Bealoth,3,yes,3,0,브알롯,고유명사 음역/관습 표기 확인
be sleepless,3,no,0,3,잠 못 이루다,
be lousy,3,no,0,3,이가 많다/지저분하다,
be interwoven,3,no,0,3,엇섞이다/얽히다,
be heedless,3,no,0,3,부주의하다,
be healthy,3,no,0,3,건강하다,
be equal,3,no,0,3,같다/동등하다,
be disconcerted,3,no,0,3,당황하다,
be crushed,3,no,0,3,짓눌리다/부서지다,
be bare,3,no,0,3,벌거벗다/드러나다,
be asunder,3,no,0,3,갈라지다,
be agile,3,no,0,3,민첩하다,
be after,3,no,0,3,뒤쫓다/탐내다,
bdellium-gum,3,no,0,3,벨로수지/몰약류 수지,
Bazluth,3,yes,3,0,바슬룻,고유명사 음역/관습 표기 확인
bastard,3,no,0,3,사생아/사생,
Barkos,3,yes,3,0,바르코스,고유명사 음역/관습 표기 확인
Barakel,3,yes,3,0,바라겔,고유명사 음역/관습 표기 확인
bands,3,no,0,3,띠들/결박,
Bamoth Baal,3,yes,3,0,바못 바알,고유명사 음역/관습 표기 확인
Bamoth,3,yes,3,0,바못,고유명사 음역/관습 표기 확인
Baladan,3,yes,3,0,발라단,고유명사 음역/관습 표기 확인
Baal-Berith,3,yes,3,0,바알브릿,고유명사 음역/관습 표기 확인
Baal Hermon,3,yes,3,0,바알 헤르몬,고유명사 음역/관습 표기 확인
Azaliah,3,yes,3,0,아살리야,고유명사 음역/관습 표기 확인
awl,3,no,0,3,송곳,
Avith,3,yes,3,0,아윗,고유명사 음역/관습 표기 확인
Ataroth Addar,3,yes,3,0,아다롯 아달,고유명사 음역/관습 표기 확인
assign,3,no,0,3,할당하다/맡기다,
asphodel,3,no,0,3,수선화류/아스포델,
Ashnah,3,yes,3,0,아스나,고유명사 음역/관습 표기 확인
Ashhur,3,yes,3,0,아스훌,고유명사 음역/관습 표기 확인
Arvadite,3,no,0,3,알왓 사람,
Arvad,3,yes,3,0,알왓,고유명사 음역/관습 표기 확인
Areli,3,yes,3,0,아렐리,고유명사 음역/관습 표기 확인
Ard,3,yes,3,0,아르드,고유명사 음역/관습 표기 확인
Arbathite,3,no,0,3,아르바 사람,
Aran,3,yes,3,0,아란,고유명사 음역/관습 표기 확인
Arabia,3,yes,3,0,아라비아,고유명사 음역/관습 표기 확인
apply paste,3,no,0,3,풀을 바르다/반죽을 바르다,
Appaim,3,yes,3,0,압바임,고유명사 음역/관습 표기 확인
ape,3,no,0,3,원숭이/유인원,
ant,3,no,0,3,개미,
annihilation,3,no,0,3,전멸/소멸,
anklet,3,no,0,3,발목고리/발찌,
ankle,3,no,0,3,발목,
animosity,3,no,0,3,적개심/원한,
Anathoth,3,yes,3,0,아나돗,고유명사 음역/관습 표기 확인
Anath,3,yes,3,0,아낫,고유명사 음역/관습 표기 확인
Anamites,3,yes,3,0,아나밈 사람들,고유명사 음역/관습 표기 확인
Anaiah,3,yes,3,0,아나야,고유명사 음역/관습 표기 확인
Anab,3,yes,3,0,아납,고유명사 음역/관습 표기 확인
Amzi,3,yes,3,0,암시,고유명사 음역/관습 표기 확인
Amraphel,3,yes,3,0,암라벨,고유명사 음역/관습 표기 확인
Amramite,3,no,0,3,암람 자손,
amount,3,no,0,3,양/총액,
Amok,3,yes,3,0,아목,고유명사 음역/관습 표기 확인
Amittai,3,yes,3,0,아밋대,고유명사 음역/관습 표기 확인
Amana,3,yes,3,0,아마나,고유명사 음역/관습 표기 확인
Alvah,3,yes,3,0,알와,고유명사 음역/관습 표기 확인
Alush,3,yes,3,0,알루스,고유명사 음역/관습 표기 확인
Almon Diblathaim,3,yes,3,0,알몬 디블라다임,고유명사 음역/관습 표기 확인
Almodad,3,yes,3,0,알모닷,고유명사 음역/관습 표기 확인
ally,3,no,0,3,동맹/동맹하다,
alkaline salt,3,no,0,3,알칼리성 소금/초석,
Aiah,3,yes,3,0,아야,고유명사 음역/관습 표기 확인
Ahlai,3,yes,3,0,아흘래,고유명사 음역/관습 표기 확인
Ahiam,3,yes,3,0,아히암,고유명사 음역/관습 표기 확인
Ahi,3,yes,3,0,아히,고유명사 음역/관습 표기 확인
ah,3,no,0,3,아!,
Adriel,3,yes,3,0,아드리엘,고유명사 음역/관습 표기 확인
Adrammelech,3,yes,3,0,아드람멜렉,고유명사 음역/관습 표기 확인
Adoni-Zedek,3,yes,3,0,아도니세덱,고유명사 음역/관습 표기 확인
Adna,3,yes,3,0,앗나,고유명사 음역/관습 표기 확인
act piously,3,no,0,3,경건하게 행하다,
Abronah,3,yes,3,0,아브로나,고유명사 음역/관습 표기 확인
Abital,3,yes,3,0,아비달,고유명사 음역/관습 표기 확인
Abishur,3,yes,3,0,아비술,고유명사 음역/관습 표기 확인
Abishalom,3,yes,3,0,아비살롬,고유명사 음역/관습 표기 확인
Abimael,3,yes,3,0,아비마엘,고유명사 음역/관습 표기 확인
Abida,3,yes,3,0,아비다,고유명사 음역/관습 표기 확인
abhorrence,3,no,0,3,가증/혐오,
Abel-beth-maacah,3,yes,3,0,아벨벳마아가,고유명사 음역/관습 표기 확인
Abda,3,yes,3,0,아브드아,고유명사 음역/관습 표기 확인; 자동 음역
<type of cake>,3,no,0,3,떡 종류,
<space between>,3,no,0,3,사이 공간/간격,
<precious stone>,3,no,0,3,귀한 보석,
<gem>,3,no,0,3,보석,
<currency unit>,3,no,0,3,화폐 단위,
<bird's name>,3,no,0,3,새 이름(미상),
-shemeshite,3,no,0,3,-세메스 사람/족명 접미,
Zuzite,2,no,0,2,Zuzite,
Zuriel,2,yes,2,0,즈우르이에르,고유명사 음역/관습 표기 확인; 자동 음역
Zorite,2,no,0,2,Zorite,
Zophai,2,yes,2,0,즈오프아이,고유명사 음역/관습 표기 확인; 자동 음역
Zoheth,2,yes,2,0,즈오하에스,고유명사 음역/관습 표기 확인; 자동 음역
Zoheleth,2,yes,2,0,즈오하에르에스,고유명사 음역/관습 표기 확인; 자동 음역
Ziz,2,yes,2,0,즈이즈,고유명사 음역/관습 표기 확인; 자동 음역
Ziphron,2,yes,2,0,즈이프르오느,고유명사 음역/관습 표기 확인; 자동 음역
Ziphah,2,yes,2,0,즈이프아하,고유명사 음역/관습 표기 확인; 자동 음역
Zior,2,yes,2,0,즈이오르,고유명사 음역/관습 표기 확인; 자동 음역
Zina,2,yes,2,0,즈이느아,고유명사 음역/관습 표기 확인; 자동 음역
Ziddim,2,yes,2,0,즈이드드이므,고유명사 음역/관습 표기 확인; 자동 음역
Zibia,2,yes,2,0,즈이브이아,고유명사 음역/관습 표기 확인; 자동 음역
Zia,2,yes,2,0,즈이아,고유명사 음역/관습 표기 확인; 자동 음역
Zethar,2,yes,2,0,즈에스아르,고유명사 음역/관습 표기 확인; 자동 음역
Zethan,2,yes,2,0,즈에스아느,고유명사 음역/관습 표기 확인; 자동 음역
Zeruah,2,yes,2,0,즈에르우아하,고유명사 음역/관습 표기 확인; 자동 음역
Zeror,2,yes,2,0,즈에르오르,고유명사 음역/관습 표기 확인; 자동 음역
Zeri,2,yes,2,0,즈에르이,고유명사 음역/관습 표기 확인; 자동 음역
Zereth Shahar,2,yes,2,0,즈에르에스 슈아하아르,고유명사 음역/관습 표기 확인; 자동 음역
Zereth,2,yes,2,0,즈에르에스,고유명사 음역/관습 표기 확인; 자동 음역
Zererah,2,yes,2,0,즈에르에르아하,고유명사 음역/관습 표기 확인; 자동 음역
Zer,2,yes,2,0,즈에르,고유명사 음역/관습 표기 확인; 자동 음역
Zephonite,2,no,0,2,Zephonite,
Zephi,2,yes,2,0,즈에프이,고유명사 음역/관습 표기 확인; 자동 음역
Zephathah,2,yes,2,0,즈에프아스아하,고유명사 음역/관습 표기 확인; 자동 음역
Zephath,2,yes,2,0,즈에프아스,고유명사 음역/관습 표기 확인; 자동 음역
Zenan,2,yes,2,0,즈에느아느,고유명사 음역/관습 표기 확인; 자동 음역
Zemirah,2,yes,2,0,즈에므이르아하,고유명사 음역/관습 표기 확인; 자동 음역
Zelzah,2,yes,2,0,즈에르즈아하,고유명사 음역/관습 표기 확인; 자동 음역
Zeker,2,yes,2,0,즈에크에르,고유명사 음역/관습 표기 확인; 자동 음역
Zebina,2,yes,2,0,즈에브이느아,고유명사 음역/관습 표기 확인; 자동 음역
Zebidah,2,yes,2,0,즈에브이드아하,고유명사 음역/관습 표기 확인; 자동 음역
Zaza,2,yes,2,0,즈아즈아,고유명사 음역/관습 표기 확인; 자동 음역
Zaphenath-Paneah,2,yes,2,0,즈아프에느아스 프아느에아하,고유명사 음역/관습 표기 확인; 자동 음역
Zamzummites,2,yes,2,0,즈아므즈우므므이트에스,고유명사 음역/관습 표기 확인; 자동 음역
Zalaph,2,yes,2,0,즈아르아프,고유명사 음역/관습 표기 확인; 자동 음역
Zair,2,yes,2,0,즈아이르,고유명사 음역/관습 표기 확인; 자동 음역
Zahar,2,yes,2,0,즈아하아르,고유명사 음역/관습 표기 확인; 자동 음역
Zaham,2,yes,2,0,즈아하아므,고유명사 음역/관습 표기 확인; 자동 음역
Zabud,2,yes,2,0,즈아브우드,고유명사 음역/관습 표기 확인; 자동 음역
Zabbai,2,yes,2,0,즈아브브아이,고유명사 음역/관습 표기 확인; 자동 음역
Zaanan,2,yes,2,0,즈아아느아느,고유명사 음역/관습 표기 확인; 자동 음역
young male camel,2,no,0,2,수컷 어린 낙타,
young goat,2,no,0,2,어린 염소,
young female camel,2,no,0,2,암컷 어린 낙타,
yogurt,2,no,0,2,요거트,
yellowish red,2,no,0,2,누르스름한 붉은,
yarn,2,no,0,2,실타래,
wrought,2,no,0,2,세공한,
wrestling,2,no,0,2,씨름,
wrap in scarlet,2,no,0,2,홍색으로 두르다,
wood-scraper,2,no,0,2,나무 긁개,
wonders,2,no,0,2,이적들/기이한 일들,
women's room,2,no,0,2,여인들의 방,
women,2,no,0,2,여인들,
withdraw,2,no,0,2,물러나다,
with zeal,2,no,0,2,열심으로,
winter,2,no,0,2,겨울,
winnowing shovel,2,no,0,2,키질하는 삽,
wink,2,no,0,2,윙크하다,
winding,2,no,0,2,구불구불한,
wild goat,2,no,0,2,야생 염소,
widower,2,no,0,2,홀아비,
whorl,2,no,0,2,고리무늬,
what is swallowed,2,no,0,2,삼켜진 것,
what is created,2,no,0,2,창조된 것,
weighing,2,no,0,2,무게 달기,
Wedan,2,yes,2,0,우에드아느,고유명사 음역/관습 표기 확인; 자동 음역
wearying,2,no,0,2,피곤하게 하는,
weak man,2,no,0,2,약한 자,
wavering,2,no,0,2,동요,
watering-channel,2,no,0,2,물길,
watering place,2,no,0,2,급수처,
water-melon,2,no,0,2,수박,
water-course,2,no,0,2,수로,
water-conduit,2,no,0,2,water conduit,
watch-huts,2,no,0,2,watch huts,
wart,2,no,0,2,wart,
wares,2,no,0,2,wares,
ward-robe,2,no,0,2,ward robe,
wanting,2,no,0,2,wanting,
wainscot,2,no,0,2,wainscot,
wail,2,no,0,2,wail,
Waheb,2,yes,2,0,우아하에브,고유명사 음역/관습 표기 확인; 자동 음역
Vophsi,2,yes,2,0,브오프스이,고유명사 음역/관습 표기 확인; 자동 음역
voluptuous,2,no,0,2,voluptuous,
vitiate,2,no,0,2,vitiate,
vileness,2,no,0,2,vileness,
vicinity,2,no,0,2,vicinity,
Vashni,2,yes,2,0,브아슈느이,고유명사 음역/관습 표기 확인; 자동 음역
Vaniah,2,yes,2,0,브아느이아하,고유명사 음역/관습 표기 확인; 자동 음역
Vaizatha,2,yes,2,0,브아이즈아스아,고유명사 음역/관습 표기 확인; 자동 음역
vagina,2,no,0,2,vagina,
Uzzia,2,yes,2,0,우즈즈이아,고유명사 음역/관습 표기 확인; 자동 음역
Uzzen Sheerah,2,yes,2,0,우즈즈에느 슈에에르아하,고유명사 음역/관습 표기 확인; 자동 음역
Uzai,2,yes,2,0,우즈아이,고유명사 음역/관습 표기 확인; 자동 음역
unripe fig,2,no,0,2,unripe fig,
Ummah,2,yes,2,0,우므므아하,고유명사 음역/관습 표기 확인; 자동 음역
Ulla,2,yes,2,0,우르르아,고유명사 음역/관습 표기 확인; 자동 음역
Uel,2,yes,2,0,우에르,고유명사 음역/관습 표기 확인; 자동 음역
udder,2,no,0,2,udder,
two-coloured stuff,2,no,0,2,two coloured stuff,
twice seven,2,no,0,2,twice seven,
turning,2,no,0,2,turning,
troubled water,2,no,0,2,troubled water,
trip,2,no,0,2,trip,
trident,2,no,0,2,trident,
tribe,2,no,0,2,tribe,
triangle,2,no,0,2,triangle,
transparent,2,no,0,2,transparent,
trampling,2,no,0,2,trampling,
tramp,2,no,0,2,tramp,
train,2,no,0,2,train,
tradesman,2,no,0,2,tradesman,
toward,2,no,0,2,toward,
tottering,2,no,0,2,tottering,
Tormah,2,yes,2,0,트오르므아하,고유명사 음역/관습 표기 확인; 자동 음역
Tophel,2,yes,2,0,트오프에르,고유명사 음역/관습 표기 확인; 자동 음역
tolerate,2,no,0,2,tolerate,
Tolaite,2,no,0,2,Tolaite,
Tolad,2,yes,2,0,트오르아드,고유명사 음역/관습 표기 확인; 자동 음역
Tokhath,2,yes,2,0,트오크하아스,고유명사 음역/관습 표기 확인; 자동 음역
Token,2,yes,2,0,트오크에느,고유명사 음역/관습 표기 확인; 자동 음역
Tohu,2,yes,2,0,트오하우,고유명사 음역/관습 표기 확인; 자동 음역
Tob-Adonijah,2,yes,2,0,트오브 아드오느이야하,고유명사 음역/관습 표기 확인; 자동 음역
Toah,2,yes,2,0,트오아하,고유명사 음역/관습 표기 확인; 자동 음역
Tizite,2,no,0,2,Tizite,
Tiria,2,yes,2,0,트이르이아,고유명사 음역/관습 표기 확인; 자동 음역
Tirhanah,2,yes,2,0,트이르하아느아하,고유명사 음역/관습 표기 확인; 자동 음역
Tirathite,2,no,0,2,Tirathite,
Timnite,2,no,0,2,Timnite,
Timnath Heres,2,yes,2,0,트이므느아스 하에르에스,고유명사 음역/관습 표기 확인; 자동 음역
timidity,2,no,0,2,timidity,
Tilon,2,yes,2,0,트이르오느,고유명사 음역/관습 표기 확인; 자동 음역
Tibhath,2,yes,2,0,트이브하아스,고유명사 음역/관습 표기 확인; 자동 음역
thrust away,2,no,0,2,thrust away,
threshing,2,no,0,2,threshing,
thresh?,2,no,0,2,thresh?,
think,2,no,0,2,think,
thing,2,no,0,2,thing,
the wells of the Jaakanites,2,yes,2,0,스에 우에르르스 오프 스에 야아크아느이트에스,고유명사 음역/관습 표기 확인; 자동 음역
the way up to Gur,2,yes,2,0,스에 우아이 우프 트오 그우르,고유명사 음역/관습 표기 확인; 자동 음역
the Valley of Aven,2,yes,2,0,스에 브아르르에이 오프 아브에느,고유명사 음역/관습 표기 확인; 자동 음역
the spring of Harod,2,yes,2,0,스에 스프르이느그 오프 하아르오드,고유명사 음역/관습 표기 확인; 자동 음역
the Pass of Heres,2,yes,2,0,스에 프아스스 오프 하에르에스,고유명사 음역/관습 표기 확인; 자동 음역
the Jackal Well,2,yes,2,0,스에 야크크아르 우에르르,고유명사 음역/관습 표기 확인; 자동 음역
testimony,2,no,0,2,testimony,
testicle,2,no,0,2,testicle,
terrible,2,no,0,2,terrible,
tenderness,2,no,0,2,tenderness,
temple servant,2,no,0,2,temple servant,
Temenite,2,no,0,2,Temenite,
Telaim,2,yes,2,0,트에르아이므,고유명사 음역/관습 표기 확인; 자동 음역
Telah,2,yes,2,0,트에르아하,고유명사 음역/관습 표기 확인; 자동 음역
Tel Abib,2,yes,2,0,트에르 아브이브,고유명사 음역/관습 표기 확인; 자동 음역
Tehinnah,2,yes,2,0,트에하이느느아하,고유명사 음역/관습 표기 확인; 자동 음역
Tebeth,2,yes,2,0,트에브에스,고유명사 음역/관습 표기 확인; 자동 음역
tattooing,2,no,0,2,tattooing,
Tartak,2,yes,2,0,트아르트아크,고유명사 음역/관습 표기 확인; 자동 음역
Tarea,2,yes,2,0,트아르에아,고유명사 음역/관습 표기 확인; 자동 음역
Taralah,2,yes,2,0,트아르아르아하,고유명사 음역/관습 표기 확인; 자동 음역
Taphath,2,yes,2,0,트아프아스,고유명사 음역/관습 표기 확인; 자동 음역
Tammuz,2,yes,2,0,트아므므우즈,고유명사 음역/관습 표기 확인; 자동 음역
talent,2,no,0,2,talent,
taking,2,no,0,2,taking,
Tahtim Hodshi,2,yes,2,0,트아하트이므 하오드슈이,고유명사 음역/관습 표기 확인; 자동 음역
Tahrea,2,yes,2,0,트아하르에아,고유명사 음역/관습 표기 확인; 자동 음역
Tahkemonite,2,no,0,2,Tahkemonite,
Tahash,2,yes,2,0,트아하아슈,고유명사 음역/관습 표기 확인; 자동 음역
Tahanite,2,no,0,2,Tahanite,
Tabrimmon,2,yes,2,0,트아브르이므므오느,고유명사 음역/관습 표기 확인; 자동 음역
Tabbath,2,yes,2,0,트아브브아스,고유명사 음역/관습 표기 확인; 자동 음역
Tabaliah,2,yes,2,0,트아브아르이아하,고유명사 음역/관습 표기 확인; 자동 음역
Taanath Shiloh,2,yes,2,0,트아아느아스 슈이르오하,고유명사 음역/관습 표기 확인; 자동 음역
swollen,2,no,0,2,swollen,
swimming,2,no,0,2,swimming,
swift-bird,2,no,0,2,swift 새,
swaddling band,2,no,0,2,swaddling band,
Susi,2,yes,2,0,스우스이,고유명사 음역/관습 표기 확인; 자동 음역
surprise,2,no,0,2,surprise,
Sur,2,yes,2,0,스우르,고유명사 음역/관습 표기 확인; 자동 음역
Suphah,2,yes,2,0,스우프아하,고유명사 음역/관습 표기 확인; 자동 음역
Suph,2,yes,2,0,스우프,고유명사 음역/관습 표기 확인; 자동 음역
Sukkite,2,no,0,2,Sukkite,
suffocation,2,no,0,2,suffocation,
suffice,2,no,0,2,suffice,
Succoth Benoth,2,yes,2,0,스우크크오스 브에느오스,고유명사 음역/관습 표기 확인; 자동 음역
Sucathite,2,no,0,2,Sucathite,
Suah,2,yes,2,0,스우아하,고유명사 음역/관습 표기 확인; 자동 음역
stunt,2,no,0,2,stunt,
stucco-work,2,no,0,2,stucco work,
structure,2,no,0,2,structure,
strong man,2,no,0,2,strong 사람,
stripping,2,no,0,2,stripping,
string of shells,2,no,0,2,shells의 string,
strife,2,no,0,2,strife,
straw-heap,2,no,0,2,straw heap,
stormer,2,no,0,2,stormer,
stone courses,2,no,0,2,stone courses,
stir up,2,no,0,2,불러일으키다,
still,2,no,0,2,still,
state tent,2,no,0,2,state tent,
starvation-bread,2,no,0,2,starvation bread,
start?,2,no,0,2,start?,
stand at threshold,2,no,0,2,stand at threshold,
stamping,2,no,0,2,stamping,
stammerer,2,no,0,2,stammerer,
stair,2,no,0,2,stair,
staggering,2,no,0,2,staggering,
stab,2,no,0,2,stab,
squeeze out,2,no,0,2,squeeze out,
sprout forth,2,no,0,2,sprout 나오다,
sprinkle,2,no,0,2,뿌리다/뿌려 씻다,
sprigs,2,no,0,2,sprigs,
spreading,2,no,0,2,spreading,
spot,2,no,0,2,spot,
spoke,2,no,0,2,spoke,
splinter,2,no,0,2,splinter,
spitting,2,no,0,2,spitting,
spine,2,no,0,2,spine,
spending night,2,no,0,2,spending night,
spend the night,2,no,0,2,spend the night,
speaking,2,no,0,2,speaking,
speak unintelligibly,2,no,0,2,speak unintelligibly,
sorrelfodder,2,no,0,2,sorrelfodder,
Sorek,2,yes,2,0,스오르에크,고유명사 음역/관습 표기 확인; 자동 음역
sorcerer,2,no,0,2,sorcerer,
somnolence,2,no,0,2,somnolence,
something thin,2,no,0,2,something thin,
something precious,2,no,0,2,something precious,
solid,2,no,0,2,solid,
Sodi,2,yes,2,0,스오드이,고유명사 음역/관습 표기 확인; 자동 음역
soar up,2,no,0,2,soar 위로,
soap,2,no,0,2,soap,
So,2,yes,2,0,스오,고유명사 음역/관습 표기 확인; 자동 음역
snuff,2,no,0,2,snuff,
snort,2,no,0,2,snort,
sneezing,2,no,0,2,sneezing,
snatch away,2,no,0,2,낚아채다/빼앗다,
smoke sacrifice,2,no,0,2,smoke sacrifice,
smell of putrefaction,2,no,0,2,putrefaction의 smell,
smell,2,no,0,2,smell,
small cattle,2,no,0,2,small cattle,
slinger,2,no,0,2,slinger,
slaying,2,no,0,2,slaying,
slaughtering place,2,no,0,2,slaughtering 곳,
skin-specks,2,no,0,2,skin specks,
skin of grape,2,no,0,2,grape의 skin,
Siyon,2,yes,2,0,스이이오느,고유명사 음역/관습 표기 확인; 자동 음역
Siwan,2,yes,2,0,스이우아느,고유명사 음역/관습 표기 확인; 자동 음역
Sitnah,2,yes,2,0,스이트느아하,고유명사 음역/관습 표기 확인; 자동 음역
Sithri,2,yes,2,0,스이스르이,고유명사 음역/관습 표기 확인; 자동 음역
sistrum,2,no,0,2,sistrum,
Sirah,2,yes,2,0,스이르아하,고유명사 음역/관습 표기 확인; 자동 음역
Sippai,2,yes,2,0,스이프프아이,고유명사 음역/관습 표기 확인; 자동 음역
Siphmoth,2,yes,2,0,스이프므오스,고유명사 음역/관습 표기 확인; 자동 음역
sin-offering,2,no,0,2,sin offering,
simplicity,2,no,0,2,simplicity,
silt,2,no,0,2,silt,
Silla,2,yes,2,0,스이르르아,고유명사 음역/관습 표기 확인; 자동 음역
sign-post,2,no,0,2,sign post,
sieve,2,no,0,2,체/체질하다,
Sibraim,2,yes,2,0,스이브르아이므,고유명사 음역/관습 표기 확인; 자동 음역
Shuthelahite,2,no,0,2,Shuthelahite,
shut,2,no,0,2,shut,
Shuphamite,2,no,0,2,Shuphamite,
Shupham,2,yes,2,0,슈우프아므,고유명사 음역/관습 표기 확인; 자동 음역
Shunite,2,no,0,2,Shunite,
Shumathite,2,no,0,2,Shumathite,
Shuham,2,yes,2,0,슈우하아므,고유명사 음역/관습 표기 확인; 자동 음역
Shuhah,2,yes,2,0,슈우하아하,고유명사 음역/관습 표기 확인; 자동 음역
shudder,2,no,0,2,shudder,
shower of rain,2,no,0,2,rain의 shower,
shouting crowd,2,no,0,2,shouting crowd,
shortness,2,no,0,2,shortness,
shorter,2,no,0,2,shorter,
Shoham,2,yes,2,0,슈오하아므,고유명사 음역/관습 표기 확인; 자동 음역
Shobi,2,yes,2,0,슈오브이,고유명사 음역/관습 표기 확인; 자동 음역
Shobek,2,yes,2,0,슈오브에크,고유명사 음역/관습 표기 확인; 자동 음역
Shiza,2,yes,2,0,슈이즈아,고유명사 음역/관습 표기 확인; 자동 음역
Shitrai,2,yes,2,0,슈이트르아이,고유명사 음역/관습 표기 확인; 자동 음역
Shisha,2,yes,2,0,슈이슈아,고유명사 음역/관습 표기 확인; 자동 음역
Shiphtan,2,yes,2,0,슈이프트아느,고유명사 음역/관습 표기 확인; 자동 음역
Shiphrah,2,yes,2,0,슈이프르아하,고유명사 음역/관습 표기 확인; 자동 음역
Shiphmite,2,no,0,2,Shiphmite,
Shiphi,2,yes,2,0,슈이프이,고유명사 음역/관습 표기 확인; 자동 음역
Shion,2,yes,2,0,슈이오느,고유명사 음역/관습 표기 확인; 자동 음역
Shinab,2,yes,2,0,슈이느아브,고유명사 음역/관습 표기 확인; 자동 음역
Shimronite,2,no,0,2,Shimronite,
Shimron Meron,2,yes,2,0,슈이므르오느 므에르오느,고유명사 음역/관습 표기 확인; 자동 음역
Shimrith,2,yes,2,0,슈이므르이스,고유명사 음역/관습 표기 확인; 자동 음역
Shimrath,2,yes,2,0,슈이므르아스,고유명사 음역/관습 표기 확인; 자동 음역
Shimon,2,yes,2,0,슈이므오느,고유명사 음역/관습 표기 확인; 자동 음역
Shimeathite,2,no,0,2,Shimeathite,
Shimeam,2,yes,2,0,시맘,고유명사 음역/관습 표기 확인
Shilshah,2,yes,2,0,슈이르슈아하,고유명사 음역/관습 표기 확인; 자동 음역
Shiloah,2,yes,2,0,실로아,고유명사 음역/관습 표기 확인
Shillemite,2,no,0,2,Shillemite,
Shilhim,2,yes,2,0,슈이르하이므,고유명사 음역/관습 표기 확인; 자동 음역
Shikkeron,2,yes,2,0,슈이크크에르오느,고유명사 음역/관습 표기 확인; 자동 음역
Shihor Libnath,2,yes,2,0,시홀 립낫,고유명사 음역/관습 표기 확인
Shibah,2,yes,2,0,슈이브아하,고유명사 음역/관습 표기 확인; 자동 음역
Shethar,2,yes,2,0,세달,고유명사 음역/관습 표기 확인
Sheresh,2,yes,2,0,슈에르에슈,고유명사 음역/관습 표기 확인; 자동 음역
sherd,2,no,0,2,sherd,
Shephuphan,2,yes,2,0,슈에프우프아느,고유명사 음역/관습 표기 확인; 자동 음역
Shepho,2,yes,2,0,슈에프오,고유명사 음역/관습 표기 확인; 자동 음역
Shephi,2,yes,2,0,슈에프이,고유명사 음역/관습 표기 확인; 자동 음역
Shenazzar,2,yes,2,0,스낫살,고유명사 음역/관습 표기 확인
Shen,2,yes,2,0,슈에느,고유명사 음역/관습 표기 확인; 자동 음역
Shemidaite,2,no,0,2,Shemidaite,
Shemed,2,yes,2,0,슈에므에드,고유명사 음역/관습 표기 확인; 자동 음역
Shemeber,2,yes,2,0,시메벨,고유명사 음역/관습 표기 확인
Shemaah,2,yes,2,0,슈에므아아하,고유명사 음역/관습 표기 확인; 자동 음역
Shelomi,2,yes,2,0,슈에르오므이,고유명사 음역/관습 표기 확인; 자동 음역
Shelesh,2,yes,2,0,슈에르에슈,고유명사 음역/관습 표기 확인; 자동 음역
Shelanite,2,no,0,2,Shelanite,
Shehariah,2,yes,2,0,슈에하아르이아하,고유명사 음역/관습 표기 확인; 자동 음역
Sheerah,2,yes,2,0,슈에에르아하,고유명사 음역/관습 표기 확인; 자동 음역
Shechemite,2,no,0,2,Shechemite,
Sheber,2,yes,2,0,슈에브에르,고유명사 음역/관습 표기 확인; 자동 음역
Shebat,2,yes,2,0,스밧,고유명사 음역/관습 표기 확인
Shebarim,2,yes,2,0,스바림,고유명사 음역/관습 표기 확인
Shear-Jashub,2,yes,2,0,스알야숩,고유명사 음역/관습 표기 확인
Sheal,2,yes,2,0,슈에아르,고유명사 음역/관습 표기 확인; 자동 음역
she-ostriches,2,no,0,2,she ostriches,
Shavsha,2,yes,2,0,사브사,고유명사 음역/관습 표기 확인
Shaveh,2,yes,2,0,샤웨,고유명사 음역/관습 표기 확인
Shaulite,2,no,0,2,Shaulite,
shattering,2,no,0,2,shattering,
Shashai,2,yes,2,0,슈아슈아이,고유명사 음역/관습 표기 확인; 자동 음역
Sharuhen,2,yes,2,0,슈아르우하에느,고유명사 음역/관습 표기 확인; 자동 음역
sharpening,2,no,0,2,sharpening,
Sharonite,2,no,0,2,Sharonite,
Sharar,2,yes,2,0,슈아르아르,고유명사 음역/관습 표기 확인; 자동 음역
Sharai,2,yes,2,0,슈아르아이,고유명사 음역/관습 표기 확인; 자동 음역
Shaphir,2,yes,2,0,슈아프이르,고유명사 음역/관습 표기 확인; 자동 음역
Shapham,2,yes,2,0,슈아프아므,고유명사 음역/관습 표기 확인; 자동 음역
Shamsherai,2,yes,2,0,슈아므슈에르아이,고유명사 음역/관습 표기 확인; 자동 음역
Shammoth,2,yes,2,0,슈아므므오스,고유명사 음역/관습 표기 확인; 자동 음역
Shamhuth,2,yes,2,0,슈아므하우스,고유명사 음역/관습 표기 확인; 자동 음역
Shama,2,yes,2,0,슈아므아,고유명사 음역/관습 표기 확인; 자동 음역
Shalman,2,yes,2,0,살만,고유명사 음역/관습 표기 확인
Shallun,2,yes,2,0,살룬,고유명사 음역/관습 표기 확인
Shalleketh,2,yes,2,0,살레겟,고유명사 음역/관습 표기 확인
Shalisha,2,yes,2,0,살리사,고유명사 음역/관습 표기 확인
Shahazumah,2,yes,2,0,사하수마,고유명사 음역/관습 표기 확인
Shaharaim,2,yes,2,0,사하라임,고유명사 음역/관습 표기 확인
Shagee,2,yes,2,0,슈아그에에,고유명사 음역/관습 표기 확인; 자동 음역
Shaashgaz,2,yes,2,0,사아스가스,고유명사 음역/관습 표기 확인
Shaalim,2,yes,2,0,사알림,고유명사 음역/관습 표기 확인
Shaalabbin,2,yes,2,0,사알빈,고유명사 음역/관습 표기 확인
Sethur,2,yes,2,0,세둘,고유명사 음역/관습 표기 확인
set with topaz,2,no,0,2,set with topaz,
Seredite,2,no,0,2,Seredite,
Sepharvite,2,no,0,2,Sepharvite,
Sepharad,2,yes,2,0,스바랏,고유명사 음역/관습 표기 확인
Sephar,2,yes,2,0,스에프아르,고유명사 음역/관습 표기 확인; 자동 음역
Seorim,2,yes,2,0,스오림,고유명사 음역/관습 표기 확인
seniors,2,no,0,2,seniors,
Seneh,2,yes,2,0,세네,고유명사 음역/관습 표기 확인
Semakiah,2,yes,2,0,스에므아크이아하,고유명사 음역/관습 표기 확인; 자동 음역
Seirah,2,yes,2,0,스에이르아하,고유명사 음역/관습 표기 확인; 자동 음역
seeing,2,no,0,2,seeing,
seed-land,2,no,0,2,seed land,
Secu,2,yes,2,0,세구,고유명사 음역/관습 표기 확인
Secacah,2,yes,2,0,스가가,고유명사 음역/관습 표기 확인
Sebam,2,yes,2,0,스밤,고유명사 음역/관습 표기 확인
seat order,2,no,0,2,seat order,
sea-weed,2,no,0,2,sea weed,
scrape off,2,no,0,2,scrape off,
scourge,2,no,0,2,scourge,
scorched land,2,no,0,2,scorched land,
scholar,2,no,0,2,scholar,
scent-powder,2,no,0,2,scent powder,
scattering,2,no,0,2,scattering,
scare-crow,2,no,0,2,scare crow,
scabies,2,no,0,2,scabies,
saw,2,no,0,2,saw,
saving acts,2,no,0,2,saving acts,
Sarsekim,2,yes,2,0,사르스김,고유명사 음역/관습 표기 확인
Sargon,2,yes,2,0,사르곤,고유명사 음역/관습 표기 확인
Saraph,2,yes,2,0,사랍,고유명사 음역/관습 표기 확인
sapling,2,no,0,2,sapling,
Saph,2,yes,2,0,삽,고유명사 음역/관습 표기 확인
sapful,2,no,0,2,sapful,
sap,2,no,0,2,sap,
Sansannah,2,yes,2,0,산사나,고유명사 음역/관습 표기 확인
sandy ground,2,no,0,2,sandy ground,
Samgar-Nebo,2,yes,2,0,삼갈느보,고유명사 음역/관습 표기 확인
Salu,2,yes,2,0,살루,고유명사 음역/관습 표기 확인
salt-herb,2,no,0,2,salt herb,
sale,2,no,0,2,sale,
Sakkuth,2,yes,2,0,숙곳,고유명사 음역/관습 표기 확인
Sakia,2,yes,2,0,사키아,고유명사 음역/관습 표기 확인
safety,2,no,0,2,safety,
saddle-cloth,2,no,0,2,saddle cloth,
sad,2,no,0,2,sad,
sacred places,2,no,0,2,sacred places,
rutting,2,no,0,2,rutting,
rushing,2,no,0,2,rushing,
run down,2,no,0,2,run down,
run aimlessly,2,no,0,2,run aimlessly,
Ruhamah,2,yes,2,0,루하마,고유명사 음역/관습 표기 확인
rugged ground,2,no,0,2,rugged ground,
rugged country,2,no,0,2,rugged country,
rubbed wheat,2,no,0,2,rubbed wheat,
rub,2,no,0,2,rub,
royal tent,2,no,0,2,royal tent,
Rosh,2,yes,2,0,로스,고유명사 음역/관습 표기 확인
roll up,2,no,0,2,roll 위로,
Rohgah,2,yes,2,0,로가,고유명사 음역/관습 표기 확인
rock-crystal,2,no,0,2,rock crystal,
robe,2,no,0,2,robe,
Rizia,2,yes,2,0,리시아,고유명사 음역/관습 표기 확인
rival wife,2,no,0,2,rival wife,
rising up,2,no,0,2,rising 위로,
Rinnah,2,yes,2,0,린나,고유명사 음역/관습 표기 확인
Rimmono,2,yes,2,0,림모노,고유명사 음역/관습 표기 확인
right time,2,no,0,2,오른쪽 time,
rib,2,no,0,2,갈빗대/옆구리뼈,
Rhodian,2,no,0,2,Rhodian,
Rezon,2,yes,2,0,레손,고유명사 음역/관습 표기 확인
Reumah,2,yes,2,0,르우마,고유명사 음역/관습 표기 확인
retribution,2,no,0,2,retribution,
restlessness,2,no,0,2,restlessness,
reservoir,2,no,0,2,reservoir,
Resen,2,yes,2,0,레센,고유명사 음역/관습 표기 확인
reptile,2,no,0,2,reptile,
reprover,2,no,0,2,reprover,
Rephah,2,yes,2,0,르바,고유명사 음역/관습 표기 확인
Rephael,2,yes,2,0,르바엘,고유명사 음역/관습 표기 확인
repeat,2,no,0,2,repeat,
repair,2,no,0,2,repair,
remote part,2,no,0,2,remote part,
Remeth,2,yes,2,0,레멧,고유명사 음역/관습 표기 확인
remembering,2,no,0,2,remembering,
Rei,2,yes,2,0,레이,고유명사 음역/관습 표기 확인
Rehoboth Ir,2,yes,2,0,르호봇 읍,고유명사 음역/관습 표기 확인
Regem-Melech,2,yes,2,0,레겜멜렉,고유명사 음역/관습 표기 확인
Regem,2,yes,2,0,르에그에므,고유명사 음역/관습 표기 확인; 자동 음역
Reelaiah,2,yes,2,0,르엘라야,고유명사 음역/관습 표기 확인
red chalk,2,no,0,2,붉은 chalk,
recesses,2,no,0,2,recesses,
recess,2,no,0,2,recess,
receptacle,2,no,0,2,receptacle,
Recah,2,yes,2,0,레가,고유명사 음역/관습 표기 확인
reach,2,no,0,2,reach,
raw,2,no,0,2,raw,
rattle,2,no,0,2,rattle,
Raphu,2,yes,2,0,라푸,고유명사 음역/관습 표기 확인
Raphah,2,yes,2,0,르아프아하,고유명사 음역/관습 표기 확인; 자동 음역
Ramiah,2,yes,2,0,라미야,고유명사 음역/관습 표기 확인
Ramathite,2,no,0,2,Ramathite,
Rakkon,2,yes,2,0,라꼰,고유명사 음역/관습 표기 확인
Rakkath,2,yes,2,0,라캇,고유명사 음역/관습 표기 확인
rain-pits,2,no,0,2,rain pits,
Raham,2,yes,2,0,라함,고유명사 음역/관습 표기 확인
rafts,2,no,0,2,rafts,
rafter,2,no,0,2,rafter,
raft,2,no,0,2,raft,
Raddai,2,yes,2,0,라대,고유명사 음역/관습 표기 확인
Racal,2,yes,2,0,라갈,고유명사 음역/관습 표기 확인
Rabbith,2,yes,2,0,라빗,고유명사 음역/관습 표기 확인
Raamiah,2,yes,2,0,라아미야,고유명사 음역/관습 표기 확인
quiver belt,2,no,0,2,quiver belt,
question,2,no,0,2,question,
queer,2,no,0,2,queer,
putrefaction,2,no,0,2,putrefaction,
Putiel,2,yes,2,0,부디엘,고유명사 음역/관습 표기 확인
Puthite,2,no,0,2,Puthite,
punishment,2,no,0,2,punishment,
Puite,2,no,0,2,Puite,
pruning,2,no,0,2,pruning,
prosperity,2,no,0,2,번영/형통,
prophesy,2,no,0,2,prophesy,
product,2,no,0,2,product,
produce in abundance,2,no,0,2,produce in abundance,
proclamation,2,no,0,2,proclamation,
proclaim,2,no,0,2,proclaim,
procession,2,no,0,2,행렬/행차,
private parts,2,no,0,2,private parts,
presumption,2,no,0,2,presumption,
press out,2,no,0,2,press out,
pregnancy,2,no,0,2,pregnancy,
precious,2,no,0,2,precious,
power to stand,2,no,0,2,power to stand,
potash,2,no,0,2,potash,
position,2,no,0,2,position,
Poratha,2,yes,2,0,보라다,고유명사 음역/관습 표기 확인
poor out,2,no,0,2,가난한 out,
pond,2,no,0,2,pond,
pollution,2,no,0,2,pollution,
points,2,no,0,2,points,
point,2,no,0,2,point,
pocket,2,no,0,2,pocket,
ploughing line,2,no,0,2,ploughing line,
plenty,2,no,0,2,plenty,
pleasant places,2,no,0,2,pleasant places,
play flute,2,no,0,2,play flute,
plantlet,2,no,0,2,plantlet,
place of assemblage,2,no,0,2,assemblage의 곳,
Pithom,2,yes,2,0,비돔,고유명사 음역/관습 표기 확인
pistachio,2,no,0,2,pistachio,
Pispah,2,yes,2,0,프이스프아하,고유명사 음역/관습 표기 확인; 자동 음역
Pishon,2,yes,2,0,비손,고유명사 음역/관습 표기 확인
Pirathon,2,yes,2,0,피라톤,고유명사 음역/관습 표기 확인
Piram,2,yes,2,0,피람,고유명사 음역/관습 표기 확인
pipes,2,no,0,2,pipes,
pine away,2,no,0,2,pine away,
pim,2,no,0,2,pim,
Piltai,2,yes,2,0,필대,고유명사 음역/관습 표기 확인
Pilha,2,yes,2,0,필하,고유명사 음역/관습 표기 확인
Pildash,2,yes,2,0,빌다스,고유명사 음역/관습 표기 확인
phoenix,2,no,0,2,phoenix,
Pharpar,2,yes,2,0,바르발,고유명사 음역/관습 표기 확인
Peullethai,2,yes,2,0,프에우르르에스아이,고유명사 음역/관습 표기 확인; 자동 음역
Pethuel,2,yes,2,0,벧우엘,고유명사 음역/관습 표기 확인
pestle,2,no,0,2,pestle,
pervert,2,no,0,2,pervert,
Peruda,2,yes,2,0,브루다,고유명사 음역/관습 표기 확인
permission,2,no,0,2,permission,
Perida,2,yes,2,0,브리다,고유명사 음역/관습 표기 확인
Perezite,2,no,0,2,Perezite,
Peresh,2,yes,2,0,베레시,고유명사 음역/관습 표기 확인
Perazim,2,yes,2,0,브라짐,고유명사 음역/관습 표기 확인
Peniel,2,yes,2,0,브니엘,고유명사 음역/관습 표기 확인
Pelaliah,2,yes,2,0,블랄리야,고유명사 음역/관습 표기 확인
peeled stripe,2,no,0,2,peeled stripe,
Pedahel,2,yes,2,0,브다엘,고유명사 음역/관습 표기 확인
payment,2,no,0,2,payment,
Pau,2,yes,2,0,바우,고유명사 음역/관습 표기 확인
pattering,2,no,0,2,pattering,
pass between?,2,no,0,2,pass between?,
Pasach,2,yes,2,0,바사크,고유명사 음역/관습 표기 확인
Parvaim,2,yes,2,0,발와임,고유명사 음역/관습 표기 확인
Paruah,2,yes,2,0,바루아,고유명사 음역/관습 표기 확인
partner,2,no,0,2,partner,
partiality,2,no,0,2,partiality,
Parshandatha,2,yes,2,0,바르산다다,고유명사 음역/관습 표기 확인
Parnach,2,yes,2,0,바르낙,고유명사 음역/관습 표기 확인
Parmashta,2,yes,2,0,바르마스다,고유명사 음역/관습 표기 확인
parched,2,no,0,2,parched,
parapet,2,no,0,2,parapet,
Parah,2,yes,2,0,바라,고유명사 음역/관습 표기 확인
panther,2,no,0,2,panther,
pans,2,no,0,2,pans,
panic,2,no,0,2,panic,
pamper,2,no,0,2,pamper,
Paltite,2,no,0,2,Paltite,
Palluite,2,no,0,2,Palluite,
Palal,2,yes,2,0,발랄,고유명사 음역/관습 표기 확인
paint,2,no,0,2,paint,
Pai,2,yes,2,0,바이,고유명사 음역/관습 표기 확인
pack up,2,no,0,2,pack 위로,
Paarai,2,yes,2,0,바아래,고유명사 음역/관습 표기 확인
Oznite,2,no,0,2,Oznite,
Ozni,2,yes,2,0,오즈느이,고유명사 음역/관습 표기 확인; 자동 음역
ox-goad,2,no,0,2,ox goad,
oversight,2,no,0,2,oversight,
over-garment?,2,no,0,2,over garment?,
outpouring,2,no,0,2,outpouring,
outlook,2,no,0,2,outlook,
Othni,2,yes,2,0,오스느이,고유명사 음역/관습 표기 확인; 자동 음역
Oren,2,yes,2,0,오르에느,고유명사 음역/관습 표기 확인; 자동 음역
Ophni,2,yes,2,0,오프느이,고유명사 음역/관습 표기 확인; 자동 음역
Ophir,2,yes,2,0,오프이르,고유명사 음역/관습 표기 확인; 자동 음역
onset,2,no,0,2,onset,
onion,2,no,0,2,onion,
On,2,yes,2,0,오느,고유명사 음역/관습 표기 확인; 자동 음역
ointment,2,no,0,2,ointment,
Ohel,2,yes,2,0,오하에르,고유명사 음역/관습 표기 확인; 자동 음역
offal,2,no,0,2,offal,
occasion,2,no,0,2,occasion,
obstinate,2,no,0,2,obstinate,
oblivion,2,no,0,2,oblivion,
Obil,2,yes,2,0,오브이르,고유명사 음역/관습 표기 확인; 자동 음역
Obal,2,yes,2,0,오브아르,고유명사 음역/관습 표기 확인; 자동 음역
nut,2,no,0,2,nut,
nothingness,2,no,0,2,nothingness,
nostrils,2,no,0,2,nostrils,
northern,2,no,0,2,northern,
north-winds,2,no,0,2,north winds,
Nophah,2,yes,2,0,느오프아하,고유명사 음역/관습 표기 확인; 자동 음역
Nohah,2,yes,2,0,느오하아하,고유명사 음역/관습 표기 확인; 자동 음역
Nodab,2,yes,2,0,느오드아브,고유명사 음역/관습 표기 확인; 자동 음역
Nod,2,yes,2,0,느오드,고유명사 음역/관습 표기 확인; 자동 음역
nip,2,no,0,2,nip,
Nimrah,2,yes,2,0,느이므르아하,고유명사 음역/관습 표기 확인; 자동 음역
night-demon,2,no,0,2,night demon,
Nibshan,2,yes,2,0,느이브슈아느,고유명사 음역/관습 표기 확인; 자동 음역
Nibhaz,2,yes,2,0,느이브하아즈,고유명사 음역/관습 표기 확인; 자동 음역
Nezib,2,yes,2,0,느에즈이브,고유명사 음역/관습 표기 확인; 자동 음역
network of boughs,2,no,0,2,boughs의 network,
nettle,2,no,0,2,쐐기풀,
Netaim,2,yes,2,0,느에트아이므,고유명사 음역/관습 표기 확인; 자동 음역
Nergal,2,yes,2,0,느에르그아르,고유명사 음역/관습 표기 확인; 자동 음역
Nemuelite,2,no,0,2,Nemuelite 사람,
Neiel,2,yes,2,0,느에이에르,고유명사 음역/관습 표기 확인; 자동 음역
Nehushtan,2,yes,2,0,느에하우슈트아느,고유명사 음역/관습 표기 확인; 자동 음역
Nehushta,2,yes,2,0,느에하우슈트아,고유명사 음역/관습 표기 확인; 자동 음역
Nehum,2,yes,2,0,느에하우므,고유명사 음역/관습 표기 확인; 자동 음역
Nedabiah,2,yes,2,0,느에드아브이아하,고유명사 음역/관습 표기 확인; 자동 음역
Nebushazban,2,yes,2,0,느에브우슈아즈브아느,고유명사 음역/관습 표기 확인; 자동 음역
Neballat,2,yes,2,0,느에브아르르아트,고유명사 음역/관습 표기 확인; 자동 음역
Nebai,2,yes,2,0,느에브아이,고유명사 음역/관습 표기 확인; 자동 음역
Neah,2,yes,2,0,느에아하,고유명사 음역/관습 표기 확인; 자동 음역
nave,2,no,0,2,nave,
nausea,2,no,0,2,nausea,
Nathan-Melech,2,yes,2,0,느아스아느 므에르에치,고유명사 음역/관습 표기 확인; 자동 음역
naked persons,2,no,0,2,naked persons,
naked land,2,no,0,2,naked land,
Nahbi,2,yes,2,0,느아하브이,고유명사 음역/관습 표기 확인; 자동 음역
Nahamani,2,yes,2,0,느아하아므아느이,고유명사 음역/관습 표기 확인; 자동 음역
Naham,2,yes,2,0,느아하아므,고유명사 음역/관습 표기 확인; 자동 음역
Nahalol,2,yes,2,0,느아하아르오르,고유명사 음역/관습 표기 확인; 자동 음역
Nacon,2,yes,2,0,느아크오느,고유명사 음역/관습 표기 확인; 자동 음역
Nabu,2,yes,2,0,느아브우,고유명사 음역/관습 표기 확인; 자동 음역
Naaran,2,yes,2,0,느아아르아느,고유명사 음역/관습 표기 확인; 자동 음역
Naarai,2,yes,2,0,느아아르아이,고유명사 음역/관습 표기 확인; 자동 음역
Naamite,2,no,0,2,Naamite 사람,
Naam,2,yes,2,0,느아아므,고유명사 음역/관습 표기 확인; 자동 음역
musician,2,no,0,2,musician,
Muppim,2,yes,2,0,므우프프이므,고유명사 음역/관습 표기 확인; 자동 음역
Mozah,2,yes,2,0,므오즈아하,고유명사 음역/관습 표기 확인; 자동 음역
mourningly,2,no,0,2,mourningly,
Mount Heres,2,yes,2,0,므오우느트 하에르에스,고유명사 음역/관습 표기 확인; 자동 음역
mosquito,2,no,0,2,mosquito,
Moserah,2,yes,2,0,므오스에르아하,고유명사 음역/관습 표기 확인; 자동 음역
morning-star,2,no,0,2,morning star,
Moresheth Gath,2,yes,2,0,므오르에슈에스 그아스,고유명사 음역/관습 표기 확인; 자동 음역
Molid,2,yes,2,0,므오르이드,고유명사 음역/관습 표기 확인; 자동 음역
mole-rat,2,no,0,2,mole rat,
molar teeth,2,no,0,2,molar teeth,
moisture,2,no,0,2,습기,
mocking song,2,no,0,2,mocking song,
moat,2,no,0,2,moat,
moan,2,no,0,2,moan,
Mithnite,2,no,0,2,Mithnite 사람,
mistake,2,no,0,2,mistake,
Mispereth,2,yes,2,0,므이스프에르에스,고유명사 음역/관습 표기 확인; 자동 음역
Mispar,2,yes,2,0,므이스프아르,고유명사 음역/관습 표기 확인; 자동 음역
Mishraite,2,no,0,2,Mishraite 사람,
Mishmannah,2,yes,2,0,므이슈므아느느아하,고유명사 음역/관습 표기 확인; 자동 음역
Misham,2,yes,2,0,므이슈아므,고유명사 음역/관습 표기 확인; 자동 음역
mirror,2,no,0,2,mirror,
Mirmah,2,yes,2,0,므이르므아하,고유명사 음역/관습 표기 확인; 자동 음역
Minni,2,yes,2,0,므이느느이,고유명사 음역/관습 표기 확인; 자동 음역
mind,2,no,0,2,mind,
millet,2,no,0,2,millet,
Milalai,2,yes,2,0,므이르아르아이,고유명사 음역/관습 표기 확인; 자동 음역
Migdal Gad,2,yes,2,0,므이그드아르 그아드,고유명사 음역/관습 표기 확인; 자동 음역
Migdal El,2,yes,2,0,미그달 엘,고유명사 음역/관습 표기 확인
Middin,2,yes,2,0,믿딘,고유명사 음역/관습 표기 확인
Micri,2,yes,2,0,미그리,고유명사 음역/관습 표기 확인
Mibhar,2,yes,2,0,밉할,고유명사 음역/관습 표기 확인
Mezobaite,2,yes,2,0,메소바 사람,고유명사 음역/관습 표기 확인
Meshullemeth,2,yes,2,0,므술렘멧,고유명사 음역/관습 표기 확인
Meshobab,2,yes,2,0,메쇼밥,고유명사 음역/관습 표기 확인
Meshillemith,2,yes,2,0,므실레밋,고유명사 음역/관습 표기 확인
Meroz,2,yes,2,0,메로스,고유명사 음역/관습 표기 확인
Meres,2,yes,2,0,메레스,고유명사 음역/관습 표기 확인
mercy,2,no,0,2,mercy,
Merathaim,2,yes,2,0,메라다임,고유명사 음역/관습 표기 확인
Merarite,2,no,0,2,Merarite 사람,
Meraiah,2,yes,2,0,므라야,고유명사 음역/관습 표기 확인
Meonothai,2,yes,2,0,므오놋대,고유명사 음역/관습 표기 확인
menstruate,2,no,0,2,menstruate,
mendacious,2,no,0,2,mendacious,
members,2,no,0,2,members,
Melatiah,2,yes,2,0,멜라댜,고유명사 음역/관습 표기 확인
Mekerathite,2,no,0,2,Mekerathite 사람,
Mehuman,2,yes,2,0,므훔안,고유명사 음역/관습 표기 확인
Mehir,2,yes,2,0,므힐,고유명사 음역/관습 표기 확인
meeting,2,no,0,2,meeting,
meditation,2,no,0,2,meditation,
Median,2,no,0,2,Median,
Mede,2,no,0,2,Mede,
Medanite,2,no,0,2,Medanite 사람,
Meconah,2,yes,2,0,므고나,고유명사 음역/관습 표기 확인
Mebunnai,2,yes,2,0,메부내,고유명사 음역/관습 표기 확인
measurement,2,no,0,2,measurement,
measure off,2,no,0,2,measure off,
Mearah,2,yes,2,0,메아라,고유명사 음역/관습 표기 확인
meal,2,no,0,2,meal,
Mattattah,2,yes,2,0,맛닷다,고유명사 음역/관습 표기 확인
Matrite,2,no,0,2,Matrite 사람,
Mashal,2,yes,2,0,마살,고유명사 음역/관습 표기 확인
marshmallow,2,no,0,2,marshmallow,
Marsena,2,yes,2,0,말스나,고유명사 음역/관습 표기 확인
marrow,2,no,0,2,골수,
marriage,2,no,0,2,marriage,
Maroth,2,yes,2,0,마롯,고유명사 음역/관습 표기 확인
Marduk,2,yes,2,0,마르둑,고유명사 음역/관습 표기 확인
Maralah,2,yes,2,0,말랄라,고유명사 음역/관습 표기 확인
Maoch,2,yes,2,0,마옥,고유명사 음역/관습 표기 확인
Manahathite,2,no,0,2,Manahathite 사람,
man from Susa,2,no,0,2,사람 from Susa,
Malkiram,2,yes,2,0,말기람,고유명사 음역/관습 표기 확인
Malkielite,2,no,0,2,Malkielite 사람,
Malachi,2,yes,2,0,말라기,고유명사 음역/관습 표기 확인
Makirite,2,no,0,2,Makirite 사람,
making hide face,2,no,0,2,making hide face,
Maki,2,yes,2,0,마키,고유명사 음역/관습 표기 확인
Makaz,2,yes,2,0,마가스,고유명사 음역/관습 표기 확인
Mahol,2,yes,2,0,마홀,고유명사 음역/관습 표기 확인
Magpiash,2,yes,2,0,막비아스,고유명사 음역/관습 표기 확인
Magbish,2,yes,2,0,막비스,고유명사 음역/관습 표기 확인
Madmenah,2,yes,2,0,맛매나,고유명사 음역/관습 표기 확인
Madmen,2,yes,2,0,맛멘,고유명사 음역/관습 표기 확인
Macnadebai,2,yes,2,0,막나드배,고유명사 음역/관습 표기 확인
Macbenah,2,yes,2,0,막베나,고유명사 음역/관습 표기 확인
Macbannai,2,yes,2,0,막반나이,고유명사 음역/관습 표기 확인
Maaz,2,yes,2,0,마아스,고유명사 음역/관습 표기 확인
Maasai,2,yes,2,0,마아새,고유명사 음역/관습 표기 확인
Maarath,2,yes,2,0,마아랏,고유명사 음역/관습 표기 확인
Maai,2,yes,2,0,마아이,고유명사 음역/관습 표기 확인
Maadai,2,yes,2,0,마아대,고유명사 음역/관습 표기 확인
Maacath,2,yes,2,0,마아갓,고유명사 음역/관습 표기 확인
love-song,2,no,0,2,love song,
lofty,2,no,0,2,lofty,
lodging-place,2,no,0,2,lodging 곳,
loathing,2,no,0,2,loathing,
liquid,2,no,0,2,liquid,
Likhi,2,yes,2,0,르이크하이,고유명사 음역/관습 표기 확인; 자동 음역
lightness,2,no,0,2,lightness,
lighten,2,no,0,2,lighten,
lifting,2,no,0,2,lifting,
lifetime,2,no,0,2,lifetime,
lie fallow,2,no,0,2,lie fallow,
Libyans,2,yes,2,0,리비야 사람들,고유명사 음역/관습 표기 확인
Libya,2,yes,2,0,리비야,고유명사 음역/관습 표기 확인
Leummites,2,yes,2,0,르움 사람들,고유명사 음역/관습 표기 확인
Letushites,2,yes,2,0,르두심 사람들,고유명사 음역/관습 표기 확인
letek,2,no,0,2,letek,
legging,2,no,0,2,legging,
leg,2,no,0,2,leg,
leek,2,no,0,2,leek,
leech,2,no,0,2,leech,
Lecah,2,yes,2,0,레카,고유명사 음역/관습 표기 확인
Lebonah,2,yes,2,0,레보나,고유명사 음역/관습 표기 확인
Lebaoth,2,yes,2,0,레바옷,고유명사 음역/관습 표기 확인
leaf,2,no,0,2,leaf,
lay bait,2,no,0,2,lay bait,
lavish,2,no,0,2,lavish,
lava desert,2,no,0,2,lava desert,
laurel,2,no,0,2,laurel,
late,2,no,0,2,late,
Lasha,2,yes,2,0,라사,고유명사 음역/관습 표기 확인
Lappidoth,2,yes,2,0,랍비돗,고유명사 음역/관습 표기 확인
landing place,2,no,0,2,landing 곳,
land,2,no,0,2,land,
Lakkum,2,yes,2,0,락쿰,고유명사 음역/관습 표기 확인
Laishah,2,yes,2,0,라아사,고유명사 음역/관습 표기 확인
Lahmi,2,yes,2,0,라흐미,고유명사 음역/관습 표기 확인
Lahmas,2,yes,2,0,르아하므아스,고유명사 음역/관습 표기 확인; 자동 음역
Lahad,2,yes,2,0,라핫,고유명사 음역/관습 표기 확인
Lael,2,yes,2,0,라엘,고유명사 음역/관습 표기 확인
Laadah,2,yes,2,0,라아다,고유명사 음역/관습 표기 확인
Kushaiah,2,yes,2,0,구사야,고유명사 음역/관습 표기 확인
Koa,2,yes,2,0,코아,고유명사 음역/관습 표기 확인
knock,2,no,0,2,knock,
Kitron,2,yes,2,0,기드론(지명),고유명사 음역/관습 표기 확인
Kitlish,2,yes,2,0,킷리쉬,고유명사 음역/관습 표기 확인
Kisloth Tabor,2,yes,2,0,기슬롯 다볼,고유명사 음역/관습 표기 확인
Kislon,2,yes,2,0,기슬론,고유명사 음역/관습 표기 확인
Kishi,2,yes,2,0,기시,고유명사 음역/관습 표기 확인
Kiriath Sannah,2,yes,2,0,기럇 산나,고유명사 음역/관습 표기 확인
Kiriath Huzoth,2,yes,2,0,기럇 후솟,고유명사 음역/관습 표기 확인
Kiriath,2,yes,2,0,기럇,고유명사 음역/관습 표기 확인
Kir in Moab,2,yes,2,0,모압의 길,고유명사 음역/관습 표기 확인
Kinah,2,yes,2,0,키나,고유명사 음역/관습 표기 확인
Kilmad,2,yes,2,0,길맛,고유명사 음역/관습 표기 확인
Kileab,2,yes,2,0,길르압,고유명사 음역/관습 표기 확인
Kidon,2,yes,2,0,기돈,고유명사 음역/관습 표기 확인
kid,2,no,0,2,kid,
Kibzaim,2,yes,2,0,깁사임,고유명사 음역/관습 표기 확인
Kezib,2,yes,2,0,그십,고유명사 음역/관습 표기 확인
Keziah,2,yes,2,0,게시아,고유명사 음역/관습 표기 확인
Kesulloth,2,yes,2,0,게술롯,고유명사 음역/관습 표기 확인
Kesil,2,yes,2,0,게실,고유명사 음역/관습 표기 확인
Kesed,2,yes,2,0,게셋,고유명사 음역/관습 표기 확인
Kesalon,2,yes,2,0,게살론,고유명사 음역/관습 표기 확인
Keren-Happuch,2,yes,2,0,게렌합북,고유명사 음역/관습 표기 확인
Kephirim,2,yes,2,0,케피림,고유명사 음역/관습 표기 확인
Kenaniah,2,yes,2,0,그나냐,고유명사 음역/관습 표기 확인
Kenani,2,yes,2,0,그나니,고유명사 음역/관습 표기 확인
Keluhi,2,yes,2,0,겔루히,고유명사 음역/관습 표기 확인
Kelal,2,yes,2,0,겔랄,고유명사 음역/관습 표기 확인
Kelaiah,2,yes,2,0,겔라야,고유명사 음역/관습 표기 확인
Kattath,2,yes,2,0,캇탓,고유명사 음역/관습 표기 확인
Kartan,2,yes,2,0,카르탄,고유명사 음역/관습 표기 확인
Kartah,2,yes,2,0,카르다,고유명사 음역/관습 표기 확인
Karnaim,2,yes,2,0,카르나임,고유명사 음역/관습 표기 확인
Karkor,2,yes,2,0,카르골,고유명사 음역/관습 표기 확인
Karka,2,yes,2,0,카르카,고유명사 음역/관습 표기 확인
Kamon,2,yes,2,0,카몬,고유명사 음역/관습 표기 확인
Kallai,2,yes,2,0,갈래,고유명사 음역/관습 표기 확인
Kaiwan,2,yes,2,0,게완,고유명사 음역/관습 표기 확인
kab,2,no,0,2,kab,
Jushab-Hesed,2,yes,2,0,지우슈아브 하에스에드,고유명사 음역/관습 표기 확인; 자동 음역
Judith,2,yes,2,0,지우드이스,고유명사 음역/관습 표기 확인; 자동 음역
Jubal,2,yes,2,0,지우브아르,고유명사 음역/관습 표기 확인; 자동 음역
Jotbah,2,yes,2,0,요트브아하,고유명사 음역/관습 표기 확인; 자동 음역
Josiphiah,2,yes,2,0,요스이프이아하,고유명사 음역/관습 표기 확인; 자동 음역
Joshibiah,2,yes,2,0,요슈이브이아하,고유명사 음역/관습 표기 확인; 자동 음역
Joshaviah,2,yes,2,0,요슈아브이아하,고유명사 음역/관습 표기 확인; 자동 음역
Joshah,2,yes,2,0,요슈아하,고유명사 음역/관습 표기 확인; 자동 음역
Jorkeam,2,yes,2,0,요르크에아므,고유명사 음역/관습 표기 확인; 자동 음역
Jorai,2,yes,2,0,요르아이,고유명사 음역/관습 표기 확인; 자동 음역
Jorah,2,yes,2,0,요르아하,고유명사 음역/관습 표기 확인; 자동 음역
Jokim,2,yes,2,0,요크이므,고유명사 음역/관습 표기 확인; 자동 음역
Jokdeam,2,yes,2,0,요크드에아므,고유명사 음역/관습 표기 확인; 자동 음역
Jogli,2,yes,2,0,요그르이,고유명사 음역/관습 표기 확인; 자동 음역
Joezer,2,yes,2,0,요에즈에르,고유명사 음역/관습 표기 확인; 자동 음역
Joelah,2,yes,2,0,요에르아하,고유명사 음역/관습 표기 확인; 자동 음역
Joed,2,yes,2,0,요에드,고유명사 음역/관습 표기 확인; 자동 음역
Jidlaph,2,yes,2,0,지이드르아프,고유명사 음역/관습 표기 확인; 자동 음역
Jeziel,2,yes,2,0,예즈이에르,고유명사 음역/관습 표기 확인; 자동 음역
Jeuz,2,yes,2,0,예우즈,고유명사 음역/관습 표기 확인; 자동 음역
Jeuel,2,yes,2,0,예우에르,고유명사 음역/관습 표기 확인; 자동 음역
Jesimiel,2,yes,2,0,예스이므이에르,고유명사 음역/관습 표기 확인; 자동 음역
Jeshohaiah,2,yes,2,0,예슈오하아이아하,고유명사 음역/관습 표기 확인; 자동 음역
Jeshishai,2,yes,2,0,예슈이슈아이,고유명사 음역/관습 표기 확인; 자동 음역
Jesher,2,yes,2,0,예슈에르,고유명사 음역/관습 표기 확인; 자동 음역
Jeshebeab,2,yes,2,0,예슈에브에아브,고유명사 음역/관습 표기 확인; 자동 음역
Jeshanah,2,yes,2,0,예슈아느아하,고유명사 음역/관습 표기 확인; 자동 음역
Jesarelah,2,yes,2,0,예스아르에르아하,고유명사 음역/관습 표기 확인; 자동 음역
Jeruel,2,yes,2,0,예르우에르,고유명사 음역/관습 표기 확인; 자동 음역
Jerub-Besheth,2,yes,2,0,예르우브 브에슈에스,고유명사 음역/관습 표기 확인; 자동 음역
Jerioth,2,yes,2,0,예르이오스,고유명사 음역/관습 표기 확인; 자동 음역
Jeriel,2,yes,2,0,예르이에르,고유명사 음역/관습 표기 확인; 자동 음역
Jeribai,2,yes,2,0,예르이브아이,고유명사 음역/관습 표기 확인; 자동 음역
Jeremai,2,yes,2,0,예르에므아이,고유명사 음역/관습 표기 확인; 자동 음역
Jemimah,2,yes,2,0,예므이므아하,고유명사 음역/관습 표기 확인; 자동 음역
Jekuthiel,2,yes,2,0,예크우스이에르,고유명사 음역/관습 표기 확인; 자동 음역
Jekabzeel,2,yes,2,0,예크아브즈에에르,고유명사 음역/관습 표기 확인; 자동 음역
Jehud,2,yes,2,0,예하우드,고유명사 음역/관습 표기 확인; 자동 음역
Jehiah,2,yes,2,0,예하이아하,고유명사 음역/관습 표기 확인; 자동 음역
Jedidiah,2,yes,2,0,예드이드이아하,고유명사 음역/관습 표기 확인; 자동 음역
Jedidah,2,yes,2,0,예드이드아하,고유명사 음역/관습 표기 확인; 자동 음역
Jeberekiah,2,yes,2,0,예브에르에크이아하,고유명사 음역/관습 표기 확인; 자동 음역
Jeatherai,2,yes,2,0,예아스에르아이,고유명사 음역/관습 표기 확인; 자동 음역
Jearim,2,yes,2,0,예아르이므,고유명사 음역/관습 표기 확인; 자동 음역
Jaziz,2,yes,2,0,야즈이즈,고유명사 음역/관습 표기 확인; 자동 음역
Jathniel,2,yes,2,0,야스느이에르,고유명사 음역/관습 표기 확인; 자동 음역
Jashubite,2,no,0,2,Jashubite 사람,
Jashubi Lehem,2,yes,2,0,야슈우브이 르에하에므,고유명사 음역/관습 표기 확인; 자동 음역
Jashen,2,yes,2,0,야슈에느,고유명사 음역/관습 표기 확인; 자동 음역
Jaroah,2,yes,2,0,야르오아하,고유명사 음역/관습 표기 확인; 자동 음역
Jarkon,2,yes,2,0,야르크오느,고유명사 음역/관습 표기 확인; 자동 음역
Japhletite,2,no,0,2,Japhletite 사람,
Janim,2,yes,2,0,야느이므,고유명사 음역/관습 표기 확인; 자동 음역
Janai,2,yes,2,0,야느아이,고유명사 음역/관습 표기 확인; 자동 음역
Jamlech,2,yes,2,0,야므르에치,고유명사 음역/관습 표기 확인; 자동 음역
Jaminite,2,no,0,2,Jaminite 사람,
Jalon,2,yes,2,0,야르오느,고유명사 음역/관습 표기 확인; 자동 음역
Jakinite,2,no,0,2,Jakinite 사람,
Jakeh,2,yes,2,0,야크에하,고유명사 음역/관습 표기 확인; 자동 음역
Jairite,2,no,0,2,Jairite 사람,
Jahziel,2,yes,2,0,야하즈이에르,고유명사 음역/관습 표기 확인; 자동 음역
Jahzerah,2,yes,2,0,야하즈에르아하,고유명사 음역/관습 표기 확인; 자동 음역
Jahzeiah,2,yes,2,0,야하즈에이아하,고유명사 음역/관습 표기 확인; 자동 음역
Jahzeelite,2,no,0,2,Jahzeelite 사람,
Jahmai,2,yes,2,0,야하므아이,고유명사 음역/관습 표기 확인; 자동 음역
Jahleelite,2,no,0,2,Jahleelite 사람,
Jahdo,2,yes,2,0,야하드오,고유명사 음역/관습 표기 확인; 자동 음역
Jahdiel,2,yes,2,0,야하드이에르,고유명사 음역/관습 표기 확인; 자동 음역
Jahdai,2,yes,2,0,야하드아이,고유명사 음역/관습 표기 확인; 자동 음역
Jagur,2,yes,2,0,야그우르,고유명사 음역/관습 표기 확인; 자동 음역
Jadon,2,yes,2,0,야드오느,고유명사 음역/관습 표기 확인; 자동 음역
Jaddai,2,yes,2,0,야드드아이,고유명사 음역/관습 표기 확인; 자동 음역
Jacan,2,yes,2,0,야크아느,고유명사 음역/관습 표기 확인; 자동 음역
Jabneh,2,yes,2,0,야브느에하,고유명사 음역/관습 표기 확인; 자동 음역
Jabal,2,yes,2,0,야브아르,고유명사 음역/관습 표기 확인; 자동 음역
Jaaziel,2,yes,2,0,야아즈이에르,고유명사 음역/관습 표기 확인; 자동 음역
Jaasu,2,yes,2,0,야아스우,고유명사 음역/관습 표기 확인; 자동 음역
Jaareshiah,2,yes,2,0,야아르에슈이아하,고유명사 음역/관습 표기 확인; 자동 음역
Jaare-oregim,2,yes,2,0,야아르에 오르에그이므,고유명사 음역/관습 표기 확인; 자동 음역
Jaar,2,yes,2,0,야아르,고유명사 음역/관습 표기 확인; 자동 음역
Jaakobah,2,yes,2,0,야아크오브아하,고유명사 음역/관습 표기 확인; 자동 음역
Jaakan,2,yes,2,0,야아크아느,고유명사 음역/관습 표기 확인; 자동 음역
Izziah,2,yes,2,0,이즈즈이아하,고유명사 음역/관습 표기 확인; 자동 음역
Izliah,2,yes,2,0,이즈르이아하,고유명사 음역/관습 표기 확인; 자동 음역
Ithnan,2,yes,2,0,이스느아느,고유명사 음역/관습 표기 확인; 자동 음역
Ithmah,2,yes,2,0,이스므아하,고유명사 음역/관습 표기 확인; 자동 음역
Ithlah,2,yes,2,0,이스르아하,고유명사 음역/관습 표기 확인; 자동 음역
Isshiah,2,yes,2,0,이스슈이아하,고유명사 음역/관습 표기 확인; 자동 음역
Ismakiah,2,yes,2,0,이스므아크이아하,고유명사 음역/관습 표기 확인; 자동 음역
Ishvite,2,no,0,2,Ishvite 사람,
Ishpan,2,yes,2,0,이슈프아느,고유명사 음역/관습 표기 확인; 자동 음역
Ishpah,2,yes,2,0,이슈프아하,고유명사 음역/관습 표기 확인; 자동 음역
Ishmerai,2,yes,2,0,이슈므에르아이,고유명사 음역/관습 표기 확인; 자동 음역
Ishma,2,yes,2,0,이슈므아,고유명사 음역/관습 표기 확인; 자동 음역
Ishhod,2,yes,2,0,이슈하오드,고유명사 음역/관습 표기 확인; 자동 음역
Ishbi-Benob,2,yes,2,0,이슈브이 브에느오브,고유명사 음역/관습 표기 확인; 자동 음역
Ishbah,2,yes,2,0,이슈브아하,고유명사 음역/관습 표기 확인; 자동 음역
Iscah,2,yes,2,0,이스크아하,고유명사 음역/관습 표기 확인; 자동 음역
Iru,2,yes,2,0,이르우,고유명사 음역/관습 표기 확인; 자동 음역
Irpeel,2,yes,2,0,이르프에에르,고유명사 음역/관습 표기 확인; 자동 음역
Iron,2,yes,2,0,이르오느,고유명사 음역/관습 표기 확인; 자동 음역
Iri,2,yes,2,0,이르이,고유명사 음역/관습 표기 확인; 자동 음역
Ir Shemesh,2,yes,2,0,이르 슈에므에슈,고유명사 음역/관습 표기 확인; 자동 음역
Ir Nahash,2,yes,2,0,이르 느아하아슈,고유명사 음역/관습 표기 확인; 자동 음역
Ir,2,yes,2,0,이르,고유명사 음역/관습 표기 확인; 자동 음역
Iphtah,2,yes,2,0,이프트아하,고유명사 음역/관습 표기 확인; 자동 음역
Iphdeiah,2,yes,2,0,이프드에이아하,고유명사 음역/관습 표기 확인; 자동 음역
invite,2,no,0,2,invite 사람,
interweave,2,no,0,2,interweave,
intercourse,2,no,0,2,intercourse,
insistence,2,no,0,2,insistence,
insidiousness,2,no,0,2,insidiousness,
insert,2,no,0,2,insert,
inscribe,2,no,0,2,inscribe,
ink,2,no,0,2,ink,
iniquity,2,no,0,2,iniquity,
information,2,no,0,2,information,
increase,2,no,0,2,increase,
incision,2,no,0,2,incision,
incense altars,2,no,0,2,incense altars,
inactivity,2,no,0,2,inactivity,
Imrah,2,yes,2,0,이므르아하,고유명사 음역/관습 표기 확인; 자동 음역
improvise,2,no,0,2,improvise,
Imna,2,yes,2,0,이므느아,고유명사 음역/관습 표기 확인; 자동 음역
Immanuel,2,yes,2,0,이므므아느우에르,고유명사 음역/관습 표기 확인; 자동 음역
imagining,2,no,0,2,imagining,
illness,2,no,0,2,illness,
Ilai,2,yes,2,0,이르아이,고유명사 음역/관습 표기 확인; 자동 음역
Igdaliah,2,yes,2,0,이그드아르이아하,고유명사 음역/관습 표기 확인; 자동 음역
Iezerite,2,no,0,2,Iezerite 사람,
Iezer,2,yes,2,0,이에즈에르,고유명사 음역/관습 표기 확인; 자동 음역
Idbash,2,yes,2,0,이드브아슈,고유명사 음역/관습 표기 확인; 자동 음역
Idalah,2,yes,2,0,이드아르아하,고유명사 음역/관습 표기 확인; 자동 음역
Ibsam,2,yes,2,0,이브스아므,고유명사 음역/관습 표기 확인; 자동 음역
Ibri,2,yes,2,0,이브르이,고유명사 음역/관습 표기 확인; 자동 음역
Ibnijah,2,yes,2,0,이브느이야하,고유명사 음역/관습 표기 확인; 자동 음역
Ibneiah,2,yes,2,0,이브느에이아하,고유명사 음역/관습 표기 확인; 자동 음역
hyena,2,no,0,2,hyena,
Hushah,2,yes,2,0,하우슈아하,고유명사 음역/관습 표기 확인; 자동 음역
hurling,2,no,0,2,hurling,
Huri,2,yes,2,0,하우르이,고유명사 음역/관습 표기 확인; 자동 음역
Hurai,2,yes,2,0,하우르아이,고유명사 음역/관습 표기 확인; 자동 음역
Huppah,2,yes,2,0,하우프프아하,고유명사 음역/관습 표기 확인; 자동 음역
Huphamite,2,no,0,2,Huphamite 사람,
Hupham,2,yes,2,0,하우프아므,고유명사 음역/관습 표기 확인; 자동 음역
hunter,2,no,0,2,hunter,
hunched,2,no,0,2,hunched,
Humtah,2,yes,2,0,하우므트아하,고유명사 음역/관습 표기 확인; 자동 음역
hump,2,no,0,2,hump,
humiliation,2,no,0,2,humiliation,
Hukok,2,yes,2,0,하우크오크,고유명사 음역/관습 표기 확인; 자동 음역
Hukkok,2,yes,2,0,하우크크오크,고유명사 음역/관습 표기 확인; 자동 음역
Hubbah,2,yes,2,0,하우브브아하,고유명사 음역/관습 표기 확인; 자동 음역
Hoshama,2,yes,2,0,하오슈아므아,고유명사 음역/관습 표기 확인; 자동 음역
horse mane,2,no,0,2,horse mane,
horned viper,2,no,0,2,horned viper,
Horem,2,yes,2,0,하오르에므,고유명사 음역/관습 표기 확인; 자동 음역
Horam,2,yes,2,0,하오르아므,고유명사 음역/관습 표기 확인; 자동 음역
Hophra,2,yes,2,0,하오프르아,고유명사 음역/관습 표기 확인; 자동 음역
hollow way,2,no,0,2,hollow way,
hollow spot,2,no,0,2,hollow spot,
holding,2,no,0,2,holding,
hold out,2,no,0,2,hold out,
Hoham,2,yes,2,0,하오하아므,고유명사 음역/관습 표기 확인; 자동 음역
hoe,2,no,0,2,hoe,
Hodesh,2,yes,2,0,하오드에슈,고유명사 음역/관습 표기 확인; 자동 음역
Hod,2,yes,2,0,하오드,고유명사 음역/관습 표기 확인; 자동 음역
Hobah,2,yes,2,0,하오브아하,고유명사 음역/관습 표기 확인; 자동 음역
Hizki,2,yes,2,0,하이즈크이,고유명사 음역/관습 표기 확인; 자동 음역
hippopotamus,2,no,0,2,hippopotamus,
hip,2,no,0,2,hip,
Hilez,2,yes,2,0,하이르에즈,고유명사 음역/관습 표기 확인; 자동 음역
highness,2,no,0,2,highness,
Hiel,2,yes,2,0,하이에르,고유명사 음역/관습 표기 확인; 자동 음역
hiding-places,2,no,0,2,hiding places,
Hiddai,2,yes,2,0,하이드드아이,고유명사 음역/관습 표기 확인; 자동 음역
Hezion,2,yes,2,0,하에즈이오느,고유명사 음역/관습 표기 확인; 자동 음역
Heshmon,2,yes,2,0,하에슈므오느,고유명사 음역/관습 표기 확인; 자동 음역
Hereth,2,yes,2,0,하에르에스,고유명사 음역/관습 표기 확인; 자동 음역
Heresh,2,yes,2,0,하에르에슈,고유명사 음역/관습 표기 확인; 자동 음역
hereditary,2,no,0,2,hereditary,
herdsman,2,no,0,2,herdsman,
herald,2,no,0,2,herald,
Hephzibah,2,yes,2,0,하에프즈이브아하,고유명사 음역/관습 표기 확인; 자동 음역
Hepherite,2,no,0,2,Hepherite 사람,
Hen,2,yes,2,0,하에느,고유명사 음역/관습 표기 확인; 자동 음역
Helkath Hazzurim,2,yes,2,0,하에르크아스 하아즈즈우르이므,고유명사 음역/관습 표기 확인; 자동 음역
Helkai,2,yes,2,0,하에르크아이,고유명사 음역/관습 표기 확인; 자동 음역
Heleph,2,yes,2,0,하에르에프,고유명사 음역/관습 표기 확인; 자동 음역
Helem,2,yes,2,0,하에르에므,고유명사 음역/관습 표기 확인; 자동 음역
Helekite,2,no,0,2,Helekite 사람,
Helech,2,yes,2,0,헬렉,고유명사 음역/관습 표기 확인
Helbon,2,yes,2,0,헬본,고유명사 음역/관습 표기 확인
Helbah,2,yes,2,0,헬바,고유명사 음역/관습 표기 확인
Heberite,2,no,0,2,Heberite 사람,
heavy stone,2,no,0,2,heavy stone,
heavy rain,2,no,0,2,heavy rain,
healthy ones,2,no,0,2,healthy ones,
headband,2,no,0,2,headband,
head-shaking,2,no,0,2,head shaking,
Hazzobebah,2,yes,2,0,핫소베바,고유명사 음역/관습 표기 확인
Hazzelelponi,2,yes,2,0,핫셀렐포니,고유명사 음역/관습 표기 확인
Hazor Hadattah,2,yes,2,0,하솔 하닷다,고유명사 음역/관습 표기 확인
Hazo,2,yes,2,0,하소,고유명사 음역/관습 표기 확인
Haziel,2,yes,2,0,하시엘,고유명사 음역/관습 표기 확인
Hazar Susim,2,yes,2,0,하살 수심,고유명사 음역/관습 표기 확인
Hazar Susah,2,yes,2,0,하살 수사,고유명사 음역/관습 표기 확인
Hazar Gaddah,2,yes,2,0,하살 갓다,고유명사 음역/관습 표기 확인
Hazar Addar,2,yes,2,0,하살 앗달,고유명사 음역/관습 표기 확인
Hazaiah,2,yes,2,0,하사야,고유명사 음역/관습 표기 확인
Hathath,2,yes,2,0,핫핫,고유명사 음역/관습 표기 확인
hat,2,no,0,2,hat,
Hasrah,2,yes,2,0,하스라,고유명사 음역/관습 표기 확인
Hashubah,2,yes,2,0,하수바,고유명사 음역/관습 표기 확인
Hashem,2,yes,2,0,하셈,고유명사 음역/관습 표기 확인
Hashbaddanah,2,yes,2,0,핫스바단나,고유명사 음역/관습 표기 확인
Hashabnah,2,yes,2,0,하사브나,고유명사 음역/관습 표기 확인
Hasadiah,2,yes,2,0,하사댜,고유명사 음역/관습 표기 확인
Haruz,2,yes,2,0,하루스,고유명사 음역/관습 표기 확인
Haruphite,2,no,0,2,Haruphite 사람,
Harumaph,2,yes,2,0,하루맛,고유명사 음역/관습 표기 확인
Harum,2,yes,2,0,하룸,고유명사 음역/관습 표기 확인
Harorite,2,no,0,2,Harorite 사람,
Haroeh,2,yes,2,0,하로에,고유명사 음역/관습 표기 확인
Harnepher,2,yes,2,0,할네벨,고유명사 음역/관습 표기 확인
Harmon,2,yes,2,0,하르몬,고유명사 음역/관습 표기 확인
harm,2,no,0,2,harm,
Harhas,2,yes,2,0,할핫스,고유명사 음역/관습 표기 확인
Harhaiah,2,yes,2,0,할하야,고유명사 음역/관습 표기 확인
Hareph,2,yes,2,0,하렙,고유명사 음역/관습 표기 확인
Hara,2,yes,2,0,하라,고유명사 음역/관습 표기 확인
Happizzez,2,yes,2,0,합피츠스,고유명사 음역/관습 표기 확인
Hapharaim,2,yes,2,0,하바라임,고유명사 음역/관습 표기 확인
Hanochite,2,no,0,2,Hanochite 사람,
Hannathon,2,yes,2,0,한나돈,고유명사 음역/관습 표기 확인
Hanes,2,yes,2,0,하네스,고유명사 음역/관습 표기 확인
handshakes,2,no,0,2,handshakes,
handle,2,no,0,2,자루/손잡이,
Hamulite,2,no,0,2,Hamulite 사람,
Hamonah,2,yes,2,0,하모나,고유명사 음역/관습 표기 확인
Hammuel,2,yes,2,0,함무엘,고유명사 음역/관습 표기 확인
Hammoth Dor,2,yes,2,0,함못 돌,고유명사 음역/관습 표기 확인
Hammoleketh,2,yes,2,0,함몰레겟,고유명사 음역/관습 표기 확인
Hamath Zobah,2,yes,2,0,하맛 소바,고유명사 음역/관습 표기 확인
Hali,2,yes,2,0,할리,고유명사 음역/관습 표기 확인
Halhul,2,yes,2,0,할훌,고유명사 음역/관습 표기 확인
Hakkatan,2,yes,2,0,학카단,고유명사 음역/관습 표기 확인
hair setting,2,no,0,2,hair setting,
Hagri,2,yes,2,0,학리,고유명사 음역/관습 표기 확인
Haggite,2,no,0,2,Haggite 사람,
Haggiah,2,yes,2,0,학기야,고유명사 음역/관습 표기 확인
Hagab,2,yes,2,0,학압,고유명사 음역/관습 표기 확인
Hadrach,2,yes,2,0,하드락,고유명사 음역/관습 표기 확인
Hadlai,2,yes,2,0,할래,고유명사 음역/관습 표기 확인
Hadassah,2,yes,2,0,하닷사,고유명사 음역/관습 표기 확인
Hadashah,2,yes,2,0,하다사,고유명사 음역/관습 표기 확인
Hadad Rimmon,2,yes,2,0,하닷 림몬,고유명사 음역/관습 표기 확인
Habazziniah,2,yes,2,0,하바씬야,고유명사 음역/관습 표기 확인
Gur Baal,2,yes,2,0,굴 바알,고유명사 음역/관습 표기 확인
Gunite,2,no,0,2,Gunite 사람,
guild of goldsmiths,2,no,0,2,goldsmiths의 guild,
guardsmen,2,no,0,2,guardsmen,
growl,2,no,0,2,growl,
grow pale,2,no,0,2,pale 해지다,
grinding mill,2,no,0,2,grinding mill,
grieved,2,no,0,2,grieved,
green plants,2,no,0,2,green plants,
Greek,2,no,0,2,Greek,
great sluggishness,2,no,0,2,큰/많은 sluggishness,
granary,2,no,0,2,granary,
gourd,2,no,0,2,gourd,
gopher,2,no,0,2,gopher,
Goah,2,yes,2,0,고아,고유명사 음역/관습 표기 확인
gloom,2,no,0,2,gloom,
glass-bead,2,no,0,2,glass bead,
glance,2,no,0,2,glance,
Gizonite,2,no,0,2,Gizonite 사람,
Gishpa,2,yes,2,0,깃스바,고유명사 음역/관습 표기 확인
Girzite,2,no,0,2,Girzite 사람,
girding,2,no,0,2,girding,
girded,2,no,0,2,girded,
Ginnethoi,2,yes,2,0,긴네도이,고유명사 음역/관습 표기 확인
Gimzo,2,yes,2,0,깃모,고유명사 음역/관습 표기 확인
Gilalai,2,yes,2,0,길랄리,고유명사 음역/관습 표기 확인
gifts,2,no,0,2,gifts,
Gidom,2,yes,2,0,깃돔,고유명사 음역/관습 표기 확인
Gibeathite,2,no,0,2,Gibeathite 사람,
Gibeath,2,yes,2,0,깃벳,고유명사 음역/관습 표기 확인
Gibea,2,yes,2,0,기브아,고유명사 음역/관습 표기 확인
Gibbar,2,yes,2,0,깃발,고유명사 음역/관습 표기 확인
Giah,2,yes,2,0,기아,고유명사 음역/관습 표기 확인
Geuel,2,yes,2,0,그웰,고유명사 음역/관습 표기 확인
get angry,2,no,0,2,get angry,
Geshan,2,yes,2,0,게산,고유명사 음역/관습 표기 확인
Gemalli,2,yes,2,0,그말리,고유명사 음역/관습 표기 확인
Geliloth,2,yes,2,0,겔릴롯,고유명사 음역/관습 표기 확인
Gederothaim,2,yes,2,0,게데롯다임,고유명사 음역/관습 표기 확인
Gederite,2,no,0,2,Gederite 사람,
Gederathite,2,no,0,2,Gederathite 사람,
Geder,2,yes,2,0,게델,고유명사 음역/관습 표기 확인
Gebim,2,yes,2,0,게빔,고유명사 음역/관습 표기 확인
Gebal,2,yes,2,0,그발,고유명사 음역/관습 표기 확인
gather ears,2,no,0,2,gather ears,
Gath Hepher,2,yes,2,0,갓 헤벨,고유명사 음역/관습 표기 확인
Garmite,2,no,0,2,Garmite 사람,
garments,2,no,0,2,garments,
garlic,2,no,0,2,garlic,
Gamul,2,yes,2,0,가물,고유명사 음역/관습 표기 확인
Gammad,2,yes,2,0,감맛,고유명사 음역/관습 표기 확인
gall-bladder,2,no,0,2,gall bladder,
galbanum,2,no,0,2,galbanum,
Gaham,2,yes,2,0,가함,고유명사 음역/관습 표기 확인
Gaddiel,2,yes,2,0,갓디엘,고유명사 음역/관습 표기 확인
Gaddi,2,yes,2,0,갓디,고유명사 음역/관습 표기 확인
Gabbai,2,yes,2,0,갑배,고유명사 음역/관습 표기 확인
front side,2,no,0,2,front side,
from Samaria,2,no,0,2,from Samaria,
from Asher,2,no,0,2,from Asher,
freedom,2,no,0,2,freedom,
fracture,2,no,0,2,fracture,
foundry,2,no,0,2,foundry,
fortune,2,no,0,2,fortune,
forgiving,2,no,0,2,forgiving,
forest,2,no,0,2,forest,
footstool,2,no,0,2,발등상,
footstep,2,no,0,2,footstep,
follower,2,no,0,2,추종자/따르는 자,
foetus,2,no,0,2,foetus,
flutter,2,no,0,2,flutter,
flowing,2,no,0,2,flowing,
flower-bud,2,no,0,2,flower bud,
flower,2,no,0,2,flower,
flow over,2,no,0,2,넘치다/범람하다,
flourishing,2,no,0,2,번성하는,
flat cake,2,no,0,2,납작한 떡,
flashing up,2,no,0,2,번쩍임,
fitting,2,no,0,2,적합한,
fit,2,no,0,2,적합하다/발작,
fishery,2,no,0,2,어업/어장,
firebrand,2,no,0,2,횃불/불씨,
fines,2,no,0,2,벌금들,
filth,2,no,0,2,오물/불결,
fill with marrow,2,no,0,2,골수로 채우다,
fevers,2,no,0,2,열병들,
female cook,2,no,0,2,여자 요리사,
feel repugnance,2,no,0,2,혐오감을 느끼다,
feel,2,no,0,2,느끼다,
fastingly,2,no,0,2,금식하며,
fame,2,no,0,2,명성,
fall ill,2,no,0,2,병들다,
fall away,2,no,0,2,떨어져 나가다/배도하다,
faithfulness,2,no,0,2,신실함,
faith,2,no,0,2,믿음,
failing,2,no,0,2,실패/부족,
fading away,2,no,0,2,사라짐/퇴색,
Ezri,2,yes,2,0,에스리,고유명사 음역/관습 표기 확인
Ezrah,2,yes,2,0,에스라(사람),고유명사 음역/관습 표기 확인
Ezbai,2,yes,2,0,엡배,고유명사 음역/관습 표기 확인
eyelid,2,no,0,2,눈꺼풀,
eyeball,2,no,0,2,안구,
extinguish,2,no,0,2,끄다/진화하다,
expropriation,2,no,0,2,수용/몰수,
expression,2,no,0,2,표현/표정,
expiring,2,no,0,2,숨이 끊어짐/만료,
executioner,2,no,0,2,집행자/사형집행인,
excretion,2,no,0,2,배설물,
excited,2,no,0,2,흥분한,
excellency,2,no,0,2,존귀/폐하(칭호),
examiner,2,no,0,2,심사관/검사관,
ewe-lamb,2,no,0,2,암양 새끼,
evil deed,2,no,0,2,악행,
Ethni,2,yes,2,0,에트니,고유명사 음역/관습 표기 확인
Ethnan,2,yes,2,0,에트난,고유명사 음역/관습 표기 확인
Ethbaal,2,yes,2,0,엣바알,고유명사 음역/관습 표기 확인
establishment,2,no,0,2,설치/설립,
Eshtaolite,2,no,0,2,에쉬다올 사람,
Eshek,2,yes,2,0,에셕,고유명사 음역/관습 표기 확인
Eshan,2,yes,2,0,에산,고유명사 음역/관습 표기 확인
Esek,2,yes,2,0,에섹,고유명사 음역/관습 표기 확인
Erite,2,no,0,2,에리 사람,
erect,2,no,0,2,세우다/직립한,
Erechite,2,no,0,2,에렉 사람,
Erech,2,yes,2,0,에렉,고유명사 음역/관습 표기 확인
Eranite,2,no,0,2,에란 사람,
Eran,2,yes,2,0,에란,고유명사 음역/관습 표기 확인
Ephod,2,yes,2,0,에봇,고유명사 음역/관습 표기 확인
Ephai,2,yes,2,0,에파이,고유명사 음역/관습 표기 확인
enticement,2,no,0,2,유혹/유인,
Enoch,2,yes,2,0,에녹,고유명사 음역/관습 표기 확인
endowment,2,no,0,2,기증/기부/부여,
enclave,2,no,0,2,월경지/영토 내 외국 땅,
enchantments,2,no,0,2,주술/요술,
Enam,2,yes,2,0,에느아므,고유명사 음역/관습 표기 확인; 자동 음역
En Tappuah,2,yes,2,0,에느 트아프프우아하,고유명사 음역/관습 표기 확인; 자동 음역
En Mishpat,2,yes,2,0,에느 므이슈프아트,고유명사 음역/관습 표기 확인; 자동 음역
En Hazor,2,yes,2,0,에느 하아즈오르,고유명사 음역/관습 표기 확인; 자동 음역
En Haddah,2,yes,2,0,에느 하아드드아하,고유명사 음역/관습 표기 확인; 자동 음역
En Eglaim,2,yes,2,0,에느 에그르아이므,고유명사 음역/관습 표기 확인; 자동 음역
Emek Keziz,2,yes,2,0,에므에크 크에즈이즈,고유명사 음역/관습 표기 확인; 자동 음역
embryo,2,no,0,2,태아,
embalming,2,no,0,2,방부 처리,
Eluzai,2,yes,2,0,에르우즈아이,고유명사 음역/관습 표기 확인; 자동 음역
Elul,2,yes,2,0,에르우르,고유명사 음역/관습 표기 확인; 자동 음역
Eltekon,2,yes,2,0,에르트에크오느,고유명사 음역/관습 표기 확인; 자동 음역
Elpelet,2,yes,2,0,에르프에르에트,고유명사 음역/관습 표기 확인; 자동 음역
Elonite,2,no,0,2,엘론 사람,
Elnaam,2,yes,2,0,에르느아아므,고유명사 음역/관습 표기 확인; 자동 음역
Elkoshite,2,no,0,2,엘고스 사람,
Elisheba,2,yes,2,0,에르이슈에브아,고유명사 음역/관습 표기 확인; 자동 음역
Elishaphat,2,yes,2,0,에르이슈아프아트,고유명사 음역/관습 표기 확인; 자동 음역
Eliphal,2,yes,2,0,에르이프아르,고유명사 음역/관습 표기 확인; 자동 음역
Elika,2,yes,2,0,에르이크아,고유명사 음역/관습 표기 확인; 자동 음역
Elihoreph,2,yes,2,0,에르이하오르에프,고유명사 음역/관습 표기 확인; 자동 음역
Elienai,2,yes,2,0,에르이에느아이,고유명사 음역/관습 표기 확인; 자동 음역
Elidad,2,yes,2,0,에르이드아드,고유명사 음역/관습 표기 확인; 자동 음역
Eleph,2,yes,2,0,에르에프,고유명사 음역/관습 표기 확인; 자동 음역
Eleadah,2,yes,2,0,에르에아드아하,고유명사 음역/관습 표기 확인; 자동 음역
Elead,2,yes,2,0,에르에아드,고유명사 음역/관습 표기 확인; 자동 음역
Elamite,2,no,0,2,엘람 사람,
Ela,2,yes,2,0,에르아,고유명사 음역/관습 표기 확인; 자동 음역
El-Berith,2,yes,2,0,에르 브에르이스,고유명사 음역/관습 표기 확인; 자동 음역
El Paran,2,yes,2,0,에르 프아르아느,고유명사 음역/관습 표기 확인; 자동 음역
Eker,2,yes,2,0,에크에르,고유명사 음역/관습 표기 확인; 자동 음역
Ehi,2,yes,2,0,에하이,고유명사 음역/관습 표기 확인; 자동 음역
Eglaim,2,yes,2,0,에그르아이므,고유명사 음역/관습 표기 확인; 자동 음역
effort,2,no,0,2,노력,
effacement,2,no,0,2,지움/말소,
Ecbatana,2,yes,2,0,에크브아트아느아,고유명사 음역/관습 표기 확인; 자동 음역
ebony,2,no,0,2,흑단,
Ebez,2,yes,2,0,에브에즈,고유명사 음역/관습 표기 확인; 자동 음역
eat salt,2,no,0,2,소금을 먹다/소금 언약 맥락,
eat away,2,no,0,2,좀먹다/마모시키다,
easterner,2,no,0,2,동방인,
early state,2,no,0,2,초기 상태,
ear of grain,2,no,0,2,이삭,
eagle owl,2,no,0,2,수리부엉이,
Dura,2,yes,2,0,드우르아,고유명사 음역/관습 표기 확인; 자동 음역
dung-place,2,no,0,2,분뇨 처리장/변소,
dullness,2,no,0,2,둔함/침울,
dull,2,no,0,2,무딘/둔한,
dross of melting,2,no,0,2,제련 찌꺼기,
dromedary,2,no,0,2,단봉낙타,
dried figs,2,no,0,2,말린 무화과,
draw farm-rent,2,no,0,2,소작료를 거두다,
downcast,2,no,0,2,풀이 죽은/낙담한,
door-keeper,2,no,0,2,문지기,
domineering,2,no,0,2,지배적인/횡포한,
Dodavahu,2,yes,2,0,드오드아브아하우,고유명사 음역/관습 표기 확인; 자동 음역
Dodanite,2,no,0,2,도단 사람,
Dodai,2,yes,2,0,드오드아이,고유명사 음역/관습 표기 확인; 자동 음역
Dizahab,2,yes,2,0,드이즈아하아브,고유명사 음역/관습 표기 확인; 자동 음역
dispensation,2,no,0,2,경륜/시대/분배,
disobedience,2,no,0,2,불순종,
dishes,2,no,0,2,그릇들,
disgrace,2,no,0,2,수치/불명예,
disdained,2,no,0,2,경멸당한,
disclosure,2,no,0,2,공개/폭로,
discernment,2,no,0,2,분별/통찰,
dirt,2,no,0,2,더러움/오물,
Dimonah,2,yes,2,0,드이므오느아하,고유명사 음역/관습 표기 확인; 자동 음역
Dimnah,2,yes,2,0,드이므느아하,고유명사 음역/관습 표기 확인; 자동 음역
Dilean,2,yes,2,0,드이르에아느,고유명사 음역/관습 표기 확인; 자동 음역
Dibri,2,yes,2,0,드이브르이,고유명사 음역/관습 표기 확인; 자동 음역
Diblaim,2,yes,2,0,드이브르아이므,고유명사 음역/관습 표기 확인; 자동 음역
devotion,2,no,0,2,헌신/경건,
deviation,2,no,0,2,일탈/편차,
destiny,2,yes,2,0,드에스트이느이,고유명사 음역/관습 표기 확인; 자동 음역
despicable,2,no,0,2,비열한/경멸스러운,
demolish,2,no,0,2,허물다/철거하다,
deliverance,2,no,0,2,구원/구출,
Deker,2,yes,2,0,드에크에르,고유명사 음역/관습 표기 확인; 자동 음역
Dehite,2,no,0,2,데히 사람,
defilement,2,no,0,2,부정/오염,
defiance,2,no,0,2,반항/도전,
Dedanites,2,no,0,2,드단 사람들,
decide,2,no,0,2,결정하다,
deceiving,2,no,0,2,속이는,
decaying,2,no,0,2,부패하는,
daughter of Shua,2,yes,2,0,드아우그트에르 오프 슈우아,고유명사 음역/관습 표기 확인; 자동 음역
date-panicle,2,no,0,2,대추 수상꽃차례,
date-fruit,2,no,0,2,대추 열매,
dark,2,no,0,2,어두운/암흑의,
Dannah,2,yes,2,0,드아느느아하,고유명사 음역/관습 표기 확인; 자동 음역
Dalphon,2,yes,2,0,드아르프오느,고유명사 음역/관습 표기 확인; 자동 음역
dainties,2,no,0,2,진미/별미들,
Dabbesheth,2,yes,2,0,드아브브에슈에스,고유명사 음역/관습 표기 확인; 자동 음역
cutting down,2,no,0,2,베어 넘김/감산,
cut to pieces?,2,no,0,2,산산조각 내다?(불확실),
Cushan,2,yes,2,0,크우슈아느,고유명사 음역/관습 표기 확인; 자동 음역
curcuma,2,no,0,2,강황,
curb?,2,no,0,2,제지하다?(불확실),
cunning,2,no,0,2,간교/꾀,
Cun,2,yes,2,0,크우느,고유명사 음역/관습 표기 확인; 자동 음역
cucumber,2,no,0,2,오이,
cuckoo,2,no,0,2,뻐꾸기,
crutches,2,no,0,2,목발,
crust,2,no,0,2,껍질/겉껍질,
crumble,2,no,0,2,부서지다/붕괴하다,
cruelty,2,no,0,2,잔혹함,
crowbar,2,no,0,2,지렛대/쇠지렛대,
crossing,2,no,0,2,건넘/나룻길,
crop,2,no,0,2,수확/수확물,
cramp,2,no,0,2,경련/쥐,
crackle,2,no,0,2,탁탁 소리내다,
Cozeba,2,yes,2,0,크오즈에브아,고유명사 음역/관습 표기 확인; 자동 음역
cower,2,no,0,2,웅크리다,
corruption,2,no,0,2,부패/타락,
corn-pit,2,no,0,2,곡식 구덩이,
cooking places,2,no,0,2,취사 장소/부엌들,
consume,2,no,0,2,소모하다/삼키다,
constellations,2,no,0,2,별자리,
constellation of lion,2,no,0,2,별자리,
constellation,2,no,0,2,별자리,
condolence,2,no,0,2,조위/애도,
compute,2,no,0,2,계산하다,
compulsory labour,2,no,0,2,부역/강제 노동,
compel,2,no,0,2,강요하다,
community,2,no,0,2,공동체,
coming back,2,no,0,2,돌아옴/귀환,
come out,2,no,0,2,나오다/나타나다,
coloured,2,no,0,2,유색/색이 있는,
collar,2,no,0,2,칼라/목걸이/멍에 고리,
cock,2,no,0,2,수탉,
coating,2,no,0,2,도막/코팅,
cluster,2,no,0,2,송이/묶음,
clear water,2,no,0,2,맑은 물,
clean,2,no,0,2,깨끗한/정결하다,
City of Salt,2,yes,2,0,크이트이 오프 스아르트,고유명사 음역/관습 표기 확인; 자동 음역
circumcision,2,no,0,2,할례,
childlessness,2,no,0,2,불임/무자,
chequered work,2,no,0,2,격자무늬 작업,
cheese,2,no,0,2,치즈/치즈 덩이,
charmers,2,no,0,2,charmers,
charity,2,no,0,2,charity,
chameleon,2,no,0,2,chameleon,
chalk,2,no,0,2,chalk,
chains,2,no,0,2,chains,
census,2,no,0,2,census,
ceiling,2,no,0,2,ceiling,
cease working,2,no,0,2,cease working,
cautious,2,no,0,2,cautious,
casting of metal,2,no,0,2,metal의 주조,
cast images,2,no,0,2,던지다 images,
cassia,2,no,0,2,cassia,
Carshena,2,yes,2,0,크아르슈에느아,고유명사 음역/관습 표기 확인; 자동 음역
carry,2,no,0,2,carry,
Carmite,2,no,0,2,Carmite 사람,
carefree,2,no,0,2,carefree,
carded,2,no,0,2,carded,
Carcas,2,yes,2,0,크아르크아스,고유명사 음역/관습 표기 확인; 자동 음역
capture,2,no,0,2,capture,
capital of pillar,2,no,0,2,pillar의 capital,
caper-fruit,2,no,0,2,caper fruit,
Canneh,2,yes,2,0,크아느느에하,고유명사 음역/관습 표기 확인; 자동 음역
calumniate,2,no,0,2,calumniate,
Calno,2,yes,2,0,크아르느오,고유명사 음역/관습 표기 확인; 자동 음역
calling for judgment,2,no,0,2,calling for judgment,
Calebite,2,no,0,2,Calebite 사람,
cage,2,no,0,2,cage,
Cabbon,2,yes,2,0,크아브브오느,고유명사 음역/관습 표기 확인; 자동 음역
Buzi,2,yes,2,0,브우즈이,고유명사 음역/관습 표기 확인; 자동 음역
burst,2,no,0,2,터지다,
burning place,2,no,0,2,burning 곳,
burglar,2,no,0,2,burglar,
Bunah,2,yes,2,0,브우느아하,고유명사 음역/관습 표기 확인; 자동 음역
Bul,2,yes,2,0,브우르,고유명사 음역/관습 표기 확인; 자동 음역
Bubastis,2,yes,2,0,브우브아스트이스,고유명사 음역/관습 표기 확인; 자동 음역
brushwood,2,no,0,2,brushwood,
brush-wood,2,no,0,2,brush 나무,
brotherhood,2,no,0,2,brotherhood,
bronze ware,2,no,0,2,bronze ware,
bristly,2,no,0,2,bristly,
bring to an end,2,no,0,2,bring to an end,
bring forth,2,no,0,2,bring 나오다,
brilliant,2,no,0,2,brilliant,
bridehood,2,no,0,2,bridehood,
break out,2,no,0,2,break out,
branch off,2,no,0,2,branch off,
Bozez,2,yes,2,0,브오즈에즈,고유명사 음역/관습 표기 확인; 자동 음역
bowman,2,no,0,2,bowman,
bottom,2,no,0,2,bottom,
boring,2,no,0,2,boring,
Bor Ashan,2,yes,2,0,브오르 아슈아느,고유명사 음역/관습 표기 확인; 자동 음역
boot,2,no,0,2,boot,
bones,2,no,0,2,bones,
blink,2,no,0,2,blink,
blast,2,no,0,2,blast,
blackness,2,no,0,2,blackness,
blackish,2,no,0,2,blackish,
black hair,2,no,0,2,검은 hair,
Biztha,2,yes,2,0,브이즈스아,고유명사 음역/관습 표기 확인; 자동 음역
Biziothiah,2,yes,2,0,브이즈이오스이아하,고유명사 음역/관습 표기 확인; 자동 음역
Bithiah,2,yes,2,0,브이스이아하,고유명사 음역/관습 표기 확인; 자동 음역
Bishlam,2,yes,2,0,브이슈르아므,고유명사 음역/관습 표기 확인; 자동 음역
Birzaith,2,yes,2,0,브이르즈아이스,고유명사 음역/관습 표기 확인; 자동 음역
Birsha,2,yes,2,0,브이르슈아,고유명사 음역/관습 표기 확인; 자동 음역
Bimhal,2,yes,2,0,브이므하아르,고유명사 음역/관습 표기 확인; 자동 음역
Bilhah,2,yes,2,0,브이르하아하,고유명사 음역/관습 표기 확인; 자동 음역
Bilgai,2,yes,2,0,브이르그아이,고유명사 음역/관습 표기 확인; 자동 음역
Bileam,2,yes,2,0,브이르에아므,고유명사 음역/관습 표기 확인; 자동 음역
Bigtha,2,yes,2,0,브이그스아,고유명사 음역/관습 표기 확인; 자동 음역
big flame,2,no,0,2,big flame,
Bidkar,2,yes,2,0,브이드크아르,고유명사 음역/관습 표기 확인; 자동 음역
Bezer,2,yes,2,0,브에즈에르,고유명사 음역/관습 표기 확인; 자동 음역
Betonim,2,yes,2,0,브에트오느이므,고유명사 음역/관습 표기 확인; 자동 음역
Bethhanan,2,yes,2,0,브에스하아느아느,고유명사 음역/관습 표기 확인; 자동 음역
Beth Tappuah,2,yes,2,0,브에스 트아프프우아하,고유명사 음역/관습 표기 확인; 자동 음역
Beth Shittah,2,yes,2,0,브에스 슈이트트아하,고유명사 음역/관습 표기 확인; 자동 음역
Beth Pazzez,2,yes,2,0,브에스 프아즈즈에즈,고유명사 음역/관습 표기 확인; 자동 음역
Beth Meon,2,yes,2,0,브에스 므에오느,고유명사 음역/관습 표기 확인; 자동 음역
Beth Lebaoth,2,yes,2,0,브에스 르에브아오스,고유명사 음역/관습 표기 확인; 자동 음역
Beth Haran,2,yes,2,0,브에스 하아르아느,고유명사 음역/관습 표기 확인; 자동 음역
Beth Haram,2,yes,2,0,브에스 하아르아므,고유명사 음역/관습 표기 확인; 자동 음역
Beth Haggan,2,yes,2,0,브에스 하아그그아느,고유명사 음역/관습 표기 확인; 자동 음역
Beth Gilgal,2,yes,2,0,브에스 그이르그아르,고유명사 음역/관습 표기 확인; 자동 음역
Beth Gamul,2,yes,2,0,브에스 그아므우르,고유명사 음역/관습 표기 확인; 자동 음역
Beth Gader,2,yes,2,0,브에스 그아드에르,고유명사 음역/관습 표기 확인; 자동 음역
Beth Ezel,2,yes,2,0,브에스 에즈에르,고유명사 음역/관습 표기 확인; 자동 음역
Beth Emek,2,yes,2,0,브에스 에므에크,고유명사 음역/관습 표기 확인; 자동 음역
Beth Eked of the Shepherds,2,yes,2,0,브에스 에크에드 오프 스에 슈에프에르드스,고유명사 음역/관습 표기 확인; 자동 음역
Beth Eked,2,yes,2,0,브에스 에크에드,고유명사 음역/관습 표기 확인; 자동 음역
Beth Eden,2,yes,2,0,브에스 에드에느,고유명사 음역/관습 표기 확인; 자동 음역
Beth Diblathaim,2,yes,2,0,브에스 드이브르아스아이므,고유명사 음역/관습 표기 확인; 자동 음역
Beth Car,2,yes,2,0,브에스 크아르,고유명사 음역/관습 표기 확인; 자동 음역
Beth Biri,2,yes,2,0,브에스 브이르이,고유명사 음역/관습 표기 확인; 자동 음역
Beth Arbel,2,yes,2,0,브에스 아르브에르,고유명사 음역/관습 표기 확인; 자동 음역
Beth Anoth,2,yes,2,0,브에스 아느오스,고유명사 음역/관습 표기 확인; 자동 음역
Beten,2,yes,2,0,브에트에느,고유명사 음역/관습 표기 확인; 자동 음역
bestow,2,no,0,2,bestow,
Besodeiah,2,yes,2,0,브에스오드에이아하,고유명사 음역/관습 표기 확인; 자동 음역
berries,2,no,0,2,berries,
Berothai,2,yes,2,0,브에르오스아이,고유명사 음역/관습 표기 확인; 자동 음역
Berothah,2,yes,2,0,브에르오스아하,고유명사 음역/관습 표기 확인; 자동 음역
Beriite,2,no,0,2,Beriite 사람,
Beri,2,yes,2,0,브에르이,고유명사 음역/관습 표기 확인; 자동 음역
Beraiah,2,yes,2,0,브에르아이아하,고유명사 음역/관습 표기 확인; 자동 음역
Beracah,2,yes,2,0,브에르아크아하,고유명사 음역/관습 표기 확인; 자동 음역
Bera,2,yes,2,0,브에르아,고유명사 음역/관습 표기 확인; 자동 음역
Beon,2,yes,2,0,브에오느,고유명사 음역/관습 표기 확인; 자동 음역
benumbing,2,no,0,2,benumbing,
Beninu,2,yes,2,0,브에느이느우,고유명사 음역/관습 표기 확인; 자동 음역
benefit,2,no,0,2,benefit,
Bene Berak,2,yes,2,0,브에느에 브에르아크,고유명사 음역/관습 표기 확인; 자동 음역
Ben-Zoheth,2,yes,2,0,브에느 즈오하에스,고유명사 음역/관습 표기 확인; 자동 음역
Ben-Oni,2,yes,2,0,브에느 오느이,고유명사 음역/관습 표기 확인; 자동 음역
Ben-Hesed,2,yes,2,0,브에느 하에스에드,고유명사 음역/관습 표기 확인; 자동 음역
Ben-Hanan,2,yes,2,0,브에느 하아느아느,고유명사 음역/관습 표기 확인; 자동 음역
Ben-Hail,2,yes,2,0,브에느 하아이르,고유명사 음역/관습 표기 확인; 자동 음역
Ben-Ammi,2,yes,2,0,브에느 아므므이,고유명사 음역/관습 표기 확인; 자동 음역
Ben,2,yes,2,0,브에느,고유명사 음역/관습 표기 확인; 자동 음역
bellow,2,no,0,2,bellow,
Belaite,2,no,0,2,Belaite 사람,
Bekerite,2,no,0,2,Bekerite 사람,
Beerah,2,yes,2,0,브에에르아하,고유명사 음역/관습 표기 확인; 자동 음역
Beera,2,yes,2,0,브에에르아,고유명사 음역/관습 표기 확인; 자동 음역
Beer Elim,2,yes,2,0,브에에르 에르이므,고유명사 음역/관습 표기 확인; 자동 음역
Beeliada,2,yes,2,0,브에에르이아드아,고유명사 음역/관습 표기 확인; 자동 음역
Bedeiah,2,yes,2,0,브에드에이아하,고유명사 음역/관습 표기 확인; 자동 음역
Becorath,2,yes,2,0,브에크오르아스,고유명사 음역/관습 표기 확인; 자동 음역
become angry,2,no,0,2,되다 angry,
becloud,2,no,0,2,becloud,
beaten,2,no,0,2,6,
bearing easily,2,no,0,2,bearing easily,
bear along,2,no,0,2,bear along,
beam-work,2,no,0,2,beam work,
Bealiah,2,yes,2,0,브에아르이아하,고유명사 음역/관습 표기 확인; 자동 음역
be wormy,2,no,0,2,wormy 하다,
be unfeeling,2,no,0,2,unfeeling 하다,
be unable,2,no,0,2,unable 하다,
be trapped,2,no,0,2,trapped 하다,
be stupefied,2,no,0,2,stupefied 하다,
be stable,2,no,0,2,stable 하다,
be sober,2,no,0,2,sober 하다,
be smooth?,2,no,0,2,smooth? 하다,
be sluggish,2,no,0,2,sluggish 하다,
be silly,2,no,0,2,silly 하다,
be sickly,2,no,0,2,sickly 하다,
be sick,2,no,0,2,sick 하다,
be scaly,2,no,0,2,scaly 하다,
be scabby,2,no,0,2,scabby 하다,
be ruttish,2,no,0,2,ruttish 하다,
be red,2,no,0,2,붉은 하다,
be rebellious,2,no,0,2,rebellious 하다,
be potent,2,no,0,2,potent 하다,
be poor?,2,no,0,2,가난한 하다,
be naked,2,no,0,2,naked 하다,
be moist,2,no,0,2,moist 하다,
be luxurious,2,no,0,2,luxurious 하다,
be luxuriant,2,no,0,2,luxuriant 하다,
be in turmoil,2,no,0,2,in turmoil 하다,
be hoarse,2,no,0,2,hoarse 하다,
be grieved,2,no,0,2,grieved 하다,
be gracious,2,no,0,2,gracious 하다,
be free,2,no,0,2,free 하다,
be fitting,2,no,0,2,fitting 하다,
Be Eshtarah,2,yes,2,0,브에 에슈트아르아하,고유명사 음역/관습 표기 확인; 자동 음역
be emaciated,2,no,0,2,emaciated 하다,
be eager,2,no,0,2,eager 하다,
be determined,2,no,0,2,determined 하다,
be crazy,2,no,0,2,crazy 하다,
be confused,2,no,0,2,confused 하다,
be coloured,2,no,0,2,coloured 하다,
be cautious,2,no,0,2,cautious 하다,
be brilliant,2,no,0,2,brilliant 하다,
be bright,2,no,0,2,bright 하다,
be black,2,no,0,2,검은 하다,
be besmeared,2,no,0,2,besmeared 하다,
be bald,2,no,0,2,bald 하다,
be astonished,2,no,0,2,astonished 하다,
be astir,2,no,0,2,astir 하다,
be amazed,2,no,0,2,amazed 하다,
be abundant,2,no,0,2,abundant 하다,
be a Jew,2,no,0,2,a Jew 하다,
battering-ram,2,no,0,2,battering ram,
Bath Rabbim,2,yes,2,0,브아스 르아브브이므,고유명사 음역/관습 표기 확인; 자동 음역
basket-saddle,2,no,0,2,basket saddle,
barricade,2,no,0,2,barricade,
barren field,2,no,0,2,barren field,
bark,2,no,0,2,bark,
Bariah,2,yes,2,0,브아르이아하,고유명사 음역/관습 표기 확인; 자동 음역
Barhumite,2,no,0,2,Barhumite 사람,
barber,2,no,0,2,barber,
banishment,2,no,0,2,banishment,
bandage,2,no,0,2,bandage,
balance,2,no,0,2,balance,
Balah,2,yes,2,0,브아르아하,고유명사 음역/관습 표기 확인; 자동 음역
Baharumite,2,no,0,2,Baharumite 사람,
bad,2,no,0,2,bad,
back?,2,no,0,2,back?,
Babylonian,2,no,0,2,Babylonian,
Baaseiah,2,yes,2,0,브아아스에이아하,고유명사 음역/관습 표기 확인; 자동 음역
Baara,2,yes,2,0,브아아르아,고유명사 음역/관습 표기 확인; 자동 음역
Baalis,2,yes,2,0,브아아르이스,고유명사 음역/관습 표기 확인; 자동 음역
Baalath Beer,2,yes,2,0,브아아르아스 브에에르,고유명사 음역/관습 표기 확인; 자동 음역
Baalah of Judah,2,yes,2,0,브아아르아하 오프 지우드아하,고유명사 음역/관습 표기 확인; 자동 음역
Baal Tamar,2,yes,2,0,브아아르 트아므아르,고유명사 음역/관습 표기 확인; 자동 음역
Baal Shalishah,2,yes,2,0,브아아르 슈아르이슈아하,고유명사 음역/관습 표기 확인; 자동 음역
Baal Hazor,2,yes,2,0,브아아르 하아즈오르,고유명사 음역/관습 표기 확인; 자동 음역
Baal Hamon,2,yes,2,0,브아아르 하아므오느,고유명사 음역/관습 표기 확인; 자동 음역
Azzan,2,yes,2,0,아즈즈아느,고유명사 음역/관습 표기 확인; 자동 음역
Aznoth Tabor,2,yes,2,0,아즈느오스 트아브오르,고유명사 음역/관습 표기 확인; 자동 음역
Aziza,2,yes,2,0,아즈이즈아,고유명사 음역/관습 표기 확인; 자동 음역
Aziel,2,yes,2,0,아즈이에르,고유명사 음역/관습 표기 확인; 자동 음역
Azbuk,2,yes,2,0,아즈브우크,고유명사 음역/관습 표기 확인; 자동 음역
Azaz,2,yes,2,0,아즈아즈,고유명사 음역/관습 표기 확인; 자동 음역
Azaniah,2,yes,2,0,아즈아느이아하,고유명사 음역/관습 표기 확인; 자동 음역
axletree,2,no,0,2,(검토) axletree,
awkward,2,no,0,2,(검토) awkward,
Avva,2,yes,2,0,아브브아,고유명사 음역/관습 표기 확인; 자동 음역
Atroth Shophan,2,yes,2,0,아트르오스 슈오프아느,고유명사 음역/관습 표기 확인; 자동 음역
Atroth Beth Joab,2,yes,2,0,아트르오스 브에스 요아브,고유명사 음역/관습 표기 확인; 자동 음역
atone,2,no,0,2,(검토) atone,
Athlai,2,yes,2,0,아스르아이,고유명사 음역/관습 표기 확인; 자동 음역
Atharim,2,yes,2,0,아스아르이므,고유명사 음역/관습 표기 확인; 자동 음역
Athaiah,2,yes,2,0,아스아이아하,고유명사 음역/관습 표기 확인; 자동 음역
Athach,2,yes,2,0,아스아치,고유명사 음역/관습 표기 확인; 자동 음역
Atarah,2,yes,2,0,아트아르아하,고유명사 음역/관습 표기 확인; 자동 음역
at last,2,no,0,2,(검토) at last,
Aswan,2,yes,2,0,아스우아느,고유명사 음역/관습 표기 확인; 자동 음역
Assurbanipal,2,yes,2,0,아스스우르브아느이프아르,고유명사 음역/관습 표기 확인; 자동 음역
Asshurites,2,yes,2,0,아스슈우르이트에스,고유명사 음역/관습 표기 확인; 자동 음역
ass,2,no,0,2,(검토) ass,
Asrielite,2,no,0,2,Asrielite 사람,
Aspatha,2,yes,2,0,아스프아스아,고유명사 음역/관습 표기 확인; 자동 음역
Asnah,2,yes,2,0,아스느아하,고유명사 음역/관습 표기 확인; 자동 음역
Asiel,2,yes,2,0,아스이에르,고유명사 음역/관습 표기 확인; 자동 음역
Ashvath,2,yes,2,0,아슈브아스,고유명사 음역/관습 표기 확인; 자동 음역
Ashurite,2,no,0,2,Ashurite 사람,
Ashteroth Karnaim,2,yes,2,0,아슈트에르오스 크아르느아이므,고유명사 음역/관습 표기 확인; 자동 음역
Ashterathite,2,no,0,2,Ashterathite 사람,
Ashpenaz,2,yes,2,0,아슈프에느아즈,고유명사 음역/관습 표기 확인; 자동 음역
Ashkelonite,2,no,0,2,Ashkelonite 사람,
Ashima,2,yes,2,0,아슈이므아,고유명사 음역/관습 표기 확인; 자동 음역
Ashbelite,2,no,0,2,Ashbelite 사람,
Ashbea,2,yes,2,0,아슈브에아,고유명사 음역/관습 표기 확인; 자동 음역
Asarelah,2,yes,2,0,아스아르에르아하,고유명사 음역/관습 표기 확인; 자동 음역
Asarel,2,yes,2,0,아스아르에르,고유명사 음역/관습 표기 확인; 자동 음역
Arza,2,yes,2,0,아르즈아,고유명사 음역/관습 표기 확인; 자동 음역
Arumah,2,yes,2,0,아르우므아하,고유명사 음역/관습 표기 확인; 자동 음역
Arubboth,2,yes,2,0,아르우브브오스,고유명사 음역/관습 표기 확인; 자동 음역
arrow-head,2,no,0,2,(검토) arrow-head,
Aroerite,2,no,0,2,Aroerite 사람,
Arodite,2,no,0,2,Arodite 사람,
Arnan,2,yes,2,0,아르느아느,고유명사 음역/관습 표기 확인; 자동 음역
Armoni,2,yes,2,0,아르므오느이,고유명사 음역/관습 표기 확인; 자동 음역
arising,2,no,0,2,(검토) arising,
Arisai,2,yes,2,0,아르이스아이,고유명사 음역/관습 표기 확인; 자동 음역
Arieh,2,yes,2,0,아르이에하,고유명사 음역/관습 표기 확인; 자동 음역
Aridatha,2,yes,2,0,아르이드아스아,고유명사 음역/관습 표기 확인; 자동 음역
Aridai,2,yes,2,0,아르이드아이,고유명사 음역/관습 표기 확인; 자동 음역
arguments,2,no,0,2,(검토) arguments,
Arelite,2,no,0,2,Arelite 사람,
Ardon,2,yes,2,0,아르드오느,고유명사 음역/관습 표기 확인; 자동 음역
Ardite,2,no,0,2,Ardite 사람,
Arbite,2,no,0,2,Arbite 사람,
Ara,2,yes,2,0,아르아,고유명사 음역/관습 표기 확인; 자동 음역
appointing,2,no,0,2,(검토) appointing,
Aphrah,2,yes,2,0,아프르아하,고유명사 음역/관습 표기 확인; 자동 음역
Aphiah,2,yes,2,0,아프이아하,고유명사 음역/관습 표기 확인; 자동 음역
Aphekah,2,yes,2,0,아프에크아하,고유명사 음역/관습 표기 확인; 자동 음역
Anub,2,yes,2,0,아느우브,고유명사 음역/관습 표기 확인; 자동 음역
antlers,2,no,0,2,(검토) antlers,
antler,2,no,0,2,(검토) antler,
Anthothijah,2,yes,2,0,아느스오스이야하,고유명사 음역/관습 표기 확인; 자동 음역
ankles,2,no,0,2,(검토) ankles,
Anim,2,yes,2,0,아느이므,고유명사 음역/관습 표기 확인; 자동 음역
Aniam,2,yes,2,0,아느이아므,고유명사 음역/관습 표기 확인; 자동 음역
Anem,2,yes,2,0,아느에므,고유명사 음역/관습 표기 확인; 자동 음역
Anani,2,yes,2,0,아느아느이,고유명사 음역/관습 표기 확인; 자동 음역
Anan,2,yes,2,0,아느아느,고유명사 음역/관습 표기 확인; 자동 음역
Anammelech,2,yes,2,0,아느아므므에르에치,고유명사 음역/관습 표기 확인; 자동 음역
Anak,2,yes,2,0,아느아크,고유명사 음역/관습 표기 확인; 자동 음역
Anaharath,2,yes,2,0,아느아하아르아스,고유명사 음역/관습 표기 확인; 자동 음역
Ammoni,2,yes,2,0,아므므오느이,고유명사 음역/관습 표기 확인; 자동 음역
Ammizabad,2,yes,2,0,아므므이즈아브아드,고유명사 음역/관습 표기 확인; 자동 음역
Ammi,2,yes,2,0,아므므이,고유명사 음역/관습 표기 확인; 자동 음역
Ammah,2,yes,2,0,아므므아하,고유명사 음역/관습 표기 확인; 자동 음역
Ami,2,yes,2,0,아므이,고유명사 음역/관습 표기 확인; 자동 음역
Amasiah,2,yes,2,0,아므아스이아하,고유명사 음역/관습 표기 확인; 자동 음역
Amashsai,2,yes,2,0,아므아슈스아이,고유명사 음역/관습 표기 확인; 자동 음역
Amam,2,yes,2,0,아므아므,고유명사 음역/관습 표기 확인; 자동 음역
Amal,2,yes,2,0,아므아르,고유명사 음역/관습 표기 확인; 자동 음역
Amad,2,yes,2,0,아므아드,고유명사 음역/관습 표기 확인; 자동 음역
alternatively,2,no,0,2,또는,
Almon,2,yes,2,0,아르므오느,고유명사 음역/관습 표기 확인; 자동 음역
Allon,2,yes,2,0,아르르오느,고유명사 음역/관습 표기 확인; 자동 음역
alliance,2,no,0,2,동맹,
Allammelech,2,yes,2,0,아르르아므므에르에치,고유명사 음역/관습 표기 확인; 자동 음역
Akkad,2,yes,2,0,아크크아드,고유명사 음역/관습 표기 확인; 자동 음역
Akan,2,yes,2,0,아크아느,고유명사 음역/관습 표기 확인; 자동 음역
Aiath,2,yes,2,0,아이아스,고유명사 음역/관습 표기 확인; 자동 음역
Ahzai,2,yes,2,0,아하즈아이,고유명사 음역/관습 표기 확인; 자동 음역
Ahuzzath,2,yes,2,0,아하우즈즈아스,고유명사 음역/관습 표기 확인; 자동 음역
Ahuzzam,2,yes,2,0,아하우즈즈아므,고유명사 음역/관습 표기 확인; 자동 음역
Ahumai,2,yes,2,0,아하우므아이,고유명사 음역/관습 표기 확인; 자동 음역
Ahoah,2,yes,2,0,아하오아하,고유명사 음역/관습 표기 확인; 자동 음역
Ahlab,2,yes,2,0,아하르아브,고유명사 음역/관습 표기 확인; 자동 음역
Ahishar,2,yes,2,0,아하이슈아르,고유명사 음역/관습 표기 확인; 자동 음역
Ahishahar,2,yes,2,0,아하이슈아하아르,고유명사 음역/관습 표기 확인; 자동 음역
Ahiramite,2,no,0,2,Ahiramite 사람,
Ahiram,2,yes,2,0,아히람,고유명사 음역/관습 표기 확인
Ahinadab,2,yes,2,0,아히나답,고유명사 음역/관습 표기 확인
Ahimoth,2,yes,2,0,아히못,고유명사 음역/관습 표기 확인
Ahian,2,yes,2,0,아히안,고유명사 음역/관습 표기 확인
Aher,2,yes,2,0,아헬,고유명사 음역/관습 표기 확인
Ahban,2,yes,2,0,아흐반,고유명사 음역/관습 표기 확인
Ahashtarite,2,no,0,2,Ahashtarite 사람,
Ahasbai,2,yes,2,0,아하스배,고유명사 음역/관습 표기 확인
Aharhel,2,yes,2,0,아할헬,고유명사 음역/관습 표기 확인
Aharah,2,yes,2,0,아하라,고유명사 음역/관습 표기 확인
Agur,2,yes,2,0,아굴,고유명사 음역/관습 표기 확인
agitation,2,no,0,2,동요,
Agee,2,yes,2,0,아게,고유명사 음역/관습 표기 확인
again,2,no,0,2,다시,
afterbirth,2,no,0,2,태반,
affliction,2,no,0,2,고난,
advice,2,no,0,2,충고,
Adoraim,2,yes,2,0,아도라임,고유명사 음역/관습 표기 확인
Admatha,2,yes,2,0,앗맛다,고유명사 음역/관습 표기 확인
Adlai,2,yes,2,0,아들래,고유명사 음역/관습 표기 확인
Adithaim,2,yes,2,0,아딧다임,고유명사 음역/관습 표기 확인
Adino,2,yes,2,0,아디노,고유명사 음역/관습 표기 확인
Adina,2,yes,2,0,아디나,고유명사 음역/관습 표기 확인
adhere,2,no,0,2,들러붙다,
adders,2,no,0,2,살무사들,
Addar,2,yes,2,0,아달,고유명사 음역/관습 표기 확인
Adami-nekeb,2,yes,2,0,아다미 느겝,고유명사 음역/관습 표기 확인
Adalia,2,yes,2,0,아달랴,고유명사 음역/관습 표기 확인
Adadah,2,yes,2,0,아다다,고유명사 음역/관습 표기 확인
Achar,2,yes,2,0,아갈,고유명사 음역/관습 표기 확인
accusation,2,no,0,2,고소,
Acco,2,yes,2,0,악고,고유명사 음역/관습 표기 확인
accelerate,2,no,0,2,가속하다,
above,2,no,0,2,위에,
abortion,2,no,0,2,유산,
Abitub,2,yes,2,0,아비둡,고유명사 음역/관습 표기 확인
Abihud,2,yes,2,0,아비훗,고유명사 음역/관습 표기 확인
Abiasaph,2,yes,2,0,아비아삽,고유명사 음역/관습 표기 확인
Abi-albon,2,yes,2,0,아비알본,고유명사 음역/관습 표기 확인
Abi,2,yes,2,0,아비,고유명사 음역/관습 표기 확인
Abel Shittim,2,yes,2,0,아벨 싯딤,고유명사 음역/관습 표기 확인
Abel Mizraim,2,yes,2,0,아벨 미스라임,고유명사 음역/관습 표기 확인
Abel Maim,2,yes,2,0,아벨 마임,고유명사 음역/관습 표기 확인
Abel Keramim,2,yes,2,0,아벨 케라밈,고유명사 음역/관습 표기 확인
Abednego,2,yes,2,0,아벳느고,고유명사 음역/관습 표기 확인
Abdi-el,2,yes,2,0,압디엘,고유명사 음역/관습 표기 확인
Abagtha,2,yes,2,0,아박다,고유명사 음역/관습 표기 확인
<unknown>,2,no,0,2,미상,
<type of stone>,2,no,0,2,석재 종류,
<tribe>,2,yes,2,0,<지파>,고유명사 음역/관습 표기 확인
<official>,2,no,0,2,관원,
<nota accusativi>,2,no,0,2,목적격 표지,
<malodorous plant>,2,no,0,2,악취 나는 식물,
<idiomatic prefix>,2,no,0,2,관용 접두,
<god>,2,yes,2,0,<신>,고유명사 음역/관습 표기 확인
<god of fortune>,2,yes,2,0,<행운의 신>,고유명사 음역/관습 표기 확인
<Assyrian god>,2,yes,2,0,<앗수르의 신>,고유명사 음역/관습 표기 확인
-elite,2,no,0,2,-엘리트,
